,No.,Material,Part Name,Storage Bin,Tact,Rack Number,Box 1,Box 2,Box 3,Box 4,Box 5,Recount 1,Recount 2,Recount 3,Recount 4,Recount 5,Status,Verify By,Remark,
,1,N 91180001,12-POINT SOCKET SHOULDER BOLT,GT1-44,01 RHS,1,499,,,,,,,,,,Verified,BEE,,ghh
,2,N  90871301,BUTTON,GT1-43,01 RHS,1,116,,,,,,,,,,Verified,BEE,,
,3,5C5857949,GROMMET,GT1-40,01 RHS,1,152,,,,,,,,,,Verified,BEE,,
,4,5H0864237,DAMPING,GT1-37,01 RHS,1,58,,,,,,,,,,Verified,BEE,,
,5,5H6863813,WHEEL HOUSING DAMPING,GT1-33,01 RHS,1,8,,,,,,,,,,Verified,BEE,,
,6,5H0853687  2ZZ,"NAMEPLATE,REAR",GT1-52,01 RHS,1,130,,,,,,,,,,Verified,BEE,,
,7,2GA853675G 2ZZ,NAMEPLATE,GT1-54,01 RHS,1,54,,,,,,,,,,Verified,BEE,,
,8,5H0907159P,EL.CONTROL UNIT,GT1-53,01 RHS,1,87,,,,,,,,,,Verified,BEE,,
,9,1K8823753B,PLUG,GT1-38,01 RHS,1,208,,,,,,,,,,Verified,BEE,,
,10,N  10609201,HEXAGON FLANGE NUT,GT1-42,01 RHS,1,2252,,,,,,,,,,Verified,BEE,,
,11,5NA827499,ADJUSTING BUFFER,GT1-36,01 RHS,1,577,,,,,,,,,,Verified,AZWAN,,
,12,2G6827505B 9B9,LOCK,GT1-47,01 RHS,1,23,,,,,,,,,,Verified,BEE,,
,13,N  10746401,COVER,GT1-45,01 RHS,1,639,,,,,,,,,,Verified,BEE,,
,14,5H0853675L,NAMEPLATE,GT1-51,01 RHS,1,115,,,,,,,,,,Verified,BEE,,
,15,2G6827517A,STRIKER,GT1-32,01 RHS,1,59,,,,,,,,,,Verified,BEE,,
,16,4M0823185F,"REINFORCEMENT, CLAMP",T01-02,01 LHS,2,311,,,,,,,,,,Verified,BEE,,29
,17,N  102058,PREV.TORQUE TYPE HEX.NUT W.FLANGE,T01-03,01 LHS,2,311,,,,,,,,,,Verified,BEE,,N10205802
,18,4M0823186F,CLAMP,T01-04,01 LHS,2,30,,,,,,,,,,Verified,BEE,,
,19,8T0823433B,BUMP STOP,T01-05,01 LHS,2,41,,,,,,,,,,Verified,BEE,,
,20,1H4971908A,PLUG,T01-06,01 LHS,2,9,,,,,,,,,,Verified,BEE,,
,21,N  10515101,COVER,T01-07,01 LHS,2,408,,,,,,,,,,Verified,BEE,,
,22,4H0804535,SEALING PART,T01-08,01 LHS,2,544,,,,,,,,,,Verified,BEE,,
,23,253867299  01C,CLIP,T01-09,01 LHS,2,440,500,400,100,400,,,,,,Verified,BEE,,
,24,4L0819419,WATER DRAIN VALVE,T01-10,01 LHS,2,136,,,,,,,,,,Verified,BEE,,
,25,4M0907285A,"HOLDER,ELECTR. CONTR.UNIT",T01-11,01 LHS,2,147,,,,,,,,,,Verified,BEE,,
,26,WHT003207,PLASTIC NUT,T01-12,01 LHS,2,15,,,,,,,,,,Verified,BEE,,
,27,4M0971871BH,GROMMET,T01-13,01 LHS,2,16,,,,,,,,,,Verified,BEE,,
,28,N  90714303,HEXAGON NUT W. WASHER,T01-14,01 LHS,2,643,,,,,,,,,,Verified,BEE,,
,29,N  91173301,HEXAGON NUT W. WASHER,T01-15,01 LHS,2,57,,,,,,,,,,Verified,BEE,,
,30,4M0971871BK,GROMMET,T01-16,01 LHS,2,44,,,,,,,,,,Verified,BEE,,
,31,N  0150821,HEXAGON FLANGE NUT,T01-18,01 LHS,2,0,,,,,,,,,,Counted,,,
,32,4M0819927B,TUBE,T01-21,01 LHS,2,14,,,,,,,,,,Verified,BEE,,
,33,4M0121449BK,COOLANT HOSE,T01-22,01 LHS,2,53,,,,,,,,,,Verified,BEE,,
,34,N  90686901,SPRING CLAMP,T01-23,01 LHS,2,4,650,,,,,,,,,Verified,JJ,,650 pcs transit area
,35,4M0819672A,HEATING HOSE,T01-26,01 LHS,2,35,,,,,,,,,,Verified,JJ,,
,36,5Q0951605B,SIREN,T01-27,01 LHS,2,12,,,,,,,,,,Verified,JJ,,
,37,4M0951285,BRACKET,T01-28,01 LHS,2,16,,,,,,,,,,Verified,JJ,,
,38,N  10609201,HEXAGON FLANGE NUT,T01-29,01 LHS,2,1228,1569,,,,,,,,,Verified,JJ,,
,39,N  90887703,PREV.TORQUE TYPE HEX.NUT W.FLANGE,T01-30,01 LHS,2,17,,,,,,,,,,Verified,JJ,,
,40,8K0614769B,GROMMET,T01-31,01 LHS,2,93,,,,,,,,,,Verified,JJ,,
,41,8W0611797C,BRACKET,T01-82,01 LHS,2,94,,,,,,,,,,Verified,JJ,,
,42,8K0611797B,BRACKET,T01-33,01 LHS,2,45,,,,,,,,,,Verified,JJ,,
,43,8K072135,CLIP,T01-34,01 LHS,2,27,,,,,,,,,,Verified,JJ,,
,44,4M0614769B,GROMMET,T01-35,01 LHS,2,19,,,,,,,,,,Verified,JJ,,
,45,1J0611853,LINE BRACKET,T01-37,01 LHS,2,85,,,,,,,,,,Verified,JJ,,
,46,8S0611797B,BRACKET,T01-40,01 LHS,2,170,,,,,,,,,,Verified,JJ,,
,47,4M0971871BG,GROMMET,T01-41,01 LHS,2,8,,,,,,,,,,Verified,JJ,,
,48,N  90553001,PROTECTIVE CAP,T01-42,01 LHS,2,42,,,,,,,,,,Verified,JJ,,
,49,4H0862234,CLUTCH,M100-5,01 LHS,2,188,,,,,,,,,,Verified,JJ,,
,50,4M0971225CS,"HARNESS,BATTERY",T1-19,01 LHS,2,1,,,,,,,,,,Verified,JJ,,
,51,4M0823359C,GAS SPRING,T1-1,01 LHS,2,13,,,,,,,,,,Verified,JJ,,
,52,4M0853737  2ZZ,TYPE SIGN,T01-80,01 LHS,2,15,,,,,,,,,,Verified,JJ,,
,53,1J0827713,PLUG,GT1-27,01 LHS,3,2290,,,,,,,,,,Verified,BEE,,
,54,5F0899181,PLUG,GT1-26,01 LHS,3,1008,,,,,,,,,,Verified,BEE,,
,55,N  90871902,CAP NUT WITH WASHER ASSEMBLY,GT1-05,01 LHS,3,207,,,,,,,,,,Verified,BEE,,
,56,N  91160301,BLIND RIVET,GT1-22,01 LHS,3,274,,,,,,,,,,Verified,BEE,,
,57,N  90911301,FIXING PLUG,GT1-21,01 LHS,3,479,,,,,,,,,,Verified,BEE,,
,58,N  01508210,HEXAGON FLANGE NUT,GT1-30,01 LHS,3,2658,,,,,,,,,,Verified,BEE,,
,59,433857445C,INTERMEDIATE LAYER,GT1-24,01 LHS,3,827,,,,,,,,,,Verified,BEE,,
,60,5G0951227B,BRACKET,GT1-06,01 LHS,3,52,,,,,,,,,,Verified,BEE,,
,61,5Q0611797A,BRACKET,GT1-25,01 LHS,3,346,,,,,,,,,,Verified,BEE,,
,62,3QF907601,PULSE GENERATOR,GT1-13,01 LHS,3,9,54,,,,,,,,,Verified,BEE,,
,63,5Q2614723E,BRAKE LINE,GT1-11,01 LHS,3,60,,,,,,,,,,Verified,BEE,,
,64,5WA915343C,BRACKET,GT1-08,01 LHS,3,14,,,,,,,,,,Verified,BEE,,
,65,5Q0723753,PLUG,GT1-07,01 LHS,3,211,,,,,,,,,,Verified,BEE,,
,66,5H0907159J,EL.CONTROL UNIT,GT1-31,01 LHS,3,86,,,,,,,,,,Verified,BEE,,
,67,1K0611751,GROMMET,GT1-23,01 LHS,3,404,,,,,,,,,,Verified,BEE,,
,68,3B0823499E,"BUFFER,ADJUSTABLE",GT1-28,01 LHS,3,460,,,,,,,,,,Verified,BEE,,
,69,5Q0199555BK,TRANSMISSION MOUNT,GT1-15,01 LHS,3,6,,,,,,,,,,Verified,BEE,,
,70,5G0906468A,BRACKET,GT1-12,01 LHS,3,57,,,,,,,,,,Verified,BEE,,
,71,5Q0951605B,SIREN,GT1-10,01 LHS,3,34,,,,,,,,,,Verified,BEE,,
,72,N  10699701,HEXAGON FLANGE BOLT,GT1-29,01 LHS,3,308,,,,,,,,,,Verified,BEE,,
,73,4S0951257,HEX.NUT,GT1-02,01 LHS,3,475,,,,,,,,,,Verified,BEE,,
,74,6R0611797D,BRACKET,GT1-09,01 LHS,3,74,526,,,,,,,,,Verified,BEE,,
,75,N  90638104,HEXALOBULAR SOCKET PAN HEAD SCREW,GT1-20,01 LHS,3,134,,,,,,,,,,Verified,BEE,,
,76,N10737001,PREV.TORQUE TYPE HEX.NUT W.FLANGE,GT2-45,01 LHS,3,88,,,,,,,,,,Verified,BEE,,
,77,N  10124501,COVER,GT1-03,01 LHS,3,182,,,,,,,,,,Verified,BEE,,
,78,N  90335004,CLAMPING WASHER,GT1-04,01 LHS,3,1000,,,,,,,,,,Verified,BEE,,
,79,N  90761103,PREV.TORQUE TYPE HEX.NUT W.FLANGE,GT1-48,01 LHS,3,0,,,,,,,,,,Counted,,,
,80,5WA825841,PROTECTION,GT1-49,01 LHS,3,56,,,,,,,,,,Verified,BEE,,
,81,5Q0199555AB,TRANSMISSION MOUNT,GT1-50,01 LHS,3,5,,,,,,,,,,Verified,BEE,,
,82,N  0200251,STOPPER,T01-49,01 RHS,4,207,,,,,,,,,,Verified,BEE,,
,83,5C5857949,GROMMET,T01-48,01 RHS,4,0,,,,,,,,,,Counted,,,
,84,4A5853909  9B9,SPEED NUT,T01-47,01 RHS,4,414,,,,,,,,,,Verified,BEE,,
,85,N  90584102,FIXING PLUG,T01-46,01 RHS,4,235,,,,,,,,,,Verified,BEE,,
,86,8W0907253,SENSOR,T01-43,01 RHS,4,191,,,,,,,,,,Verified,BEE,,
,87,4M0827851D,SPINDLE DRIVE,T01-57,01 RHS,4,5,,,,,,,,,,Verified,BEE,,
,88,WHT003498,FILLISTER HEAD BOL T,T01-58,01 RHS,4,4,78,,,,,,,,,Verified,BEE,,"At magazine
78 pcs transit area"
,89,N  91246101,12-POINT SOCKET FL ANGE BOLT,T01-59,01 RHS,4,64,,,,,,,,,,Verified,BEE,,
,90,4M0827852D,SPINDLE DRIVE,T01-60,01 RHS,4,5,,,,,,,,,,Verified,BEE,,
,91,6X0827951B,PLUG,T01-61,01 RHS,4,88,,,,,,,,,,Verified,BEE,,
,92,4M0827499,ADJUSTING BUFFER,T01-64,01 RHS,4,186,,,,,,,,,,Verified,BEE,,
,93,4M0827506F,LOCK,T01-65,01 RHS,4,4,24,,,,,,,,,Verified,BEE,,
,94,4M0827535C,BOWDEN CABLE,T01-66,01 RHS,4,34,,,,,,,,,,Verified,BEE,,
,95,80A827507A,STRIKER,T01-67,01 RHS,4,17,,,,,,,,,,Verified,BEE,,
,96,N  90511505,HEXAGON NUT W. WASHER,T01-68,01 RHS,4,47,,,,,,,,,,Verified,BEE,,
,97,8W0907253D,SENSOR,T01-69,01 RHS,4,192,,,,,,,,,,Verified,BEE,,
,98,8W0907253C,SENSOR,T01-70,01 RHS,4,193,,,,,,,,,,Verified,BEE,,
,99,8K0863335B,DAMPING,T1-79,01 RHS,4,16,,,,,,,,,,Verified,BEE,,
,100,4M0863433A,"TRIM,TRAY",T1-76,01 RHS,4,12,,,,,,,,,,Verified,BEE,,
,101,4M0864799,INSULATION,T1-71,01 RHS,4,0,14,,,,,,,,,Counted,,,14 pcs transit area
,102,4M086480,INSULATION,T1-72,01 RHS,4,4,,,,,,,,,,Verified,BEE,,
,103,4M0863309B,INSULATION,T1-74,01 RHS,4,12,43,,,,,,,,,Verified,BEE,,43 pcs transit area
,104,4M2823535D,BOWDEN CABLE,T2-86,02 RHS,5,5,5,,,,,,,,,Verified,BEE,,
,105,4M6614517CB,BRAKE UNIT,T2-33,02 LHS,5,6,6,,,,,,,,,Verified,BEE,,
,106,4M0819181B,ONE-WAY FLAP-TYPE VEHICLE VENT.VALVE,T2-46,02 LHS,5,12,,,,,,,,,,Verified,BEE,,
,107,4M0945094Q,"REAR COMBINATION LAMP,PART 2",T2-59,02 LHS,5,1,2,2,2,2,,,,,,Verified,BEE,,Kotak 6 -2 pcs
,108,4M0945093Q,"REAR COMBINATION LAMP,PART 2",T2-57,02 LHS,5,1,2,2,2,,,,,,,Verified,BEE,,
,109,1K8823753B,PLUG,GT1-38,02 RHS,6,208,,,,,208,,,,,Verified,MEGAT,,Actual rack : rack 1
,110,N  90761103,PREV.TORQUE TYPE HEX.NUT W.FLANGE,GT2-53,02 RHS,6,25,,,,,,,,,,Verified,ERIC,,
,111,5QS907338E,EL.CONTROL UNIT,GT2-55,02 RHS,6,86,,,,,,,,,,Verified,ERIC,,
,112,5QS919294B,"CONTROL UNIT,PARK DISTANCE CONTROL",GT2-56,02 RHS,6,76,,,,,,,,,,Verified,ERIC,,
,113,N  91110801,HEXAGON FLANGE SCREW W.WASHER,GT2-46,02 RHS,6,1951,,,,,,,,,,Verified,ERIC,,
,114,N  10335206,HEXALOBULAR SOCKET PAN HEAD SCREW,GT2-40,02 RHS,6,478,,,,,,,,,,Verified,ERIC,,
,115,N  90920301,BLIND RIVET NUT,GT2-15,02 RHS,6,482,,,,,,,,,,Verified,ERIC,,
,116,N  10737001,PREV.TORQUE TYPE HEX.NUT W.FLANGE,GT2-45,02 RHS,6,299,,,,,,,,,,Verified,ERIC,,
,117,WHT005586,TAP END STUD,GT2-52,02 RHS,6,249,,,,,,,,,,Verified,ERIC,,
,118,N  91158501,EXPANSION RIVET,GT2-50,02 RHS,6,542,,,,,,,,,,Verified,ERIC,,
,119,5H6857805M RAA,SEAT BELT,GT2-32,02 RHS,6,8,,,,,,,,,,Verified,ERIC,,
,120,5Q2971856,BRACKET,GT2-58,02 RHS,6,84,,,,,,,,,,Verified,ERIC,,
,121,5H2823535C,BOWDEN CABLE,GT2-44,02 RHS,6,12,35,,,,,,,,,Verified,ERIC,,35 pcs transit area
,122,5H2857706K RAA,SEAT BELT,GT2-59,02 RHS,6,8,,,,,,,,,,Verified,ERIC,,
,123,3Q2614740C,"BRAKE PRESSURE TUBE,CENTER",GT2-43,02 RHS,6,16,,,,,,,,,,Verified,ERIC,,
,124,5QS959655P,"CONTROL UNIT, AIRBAG",GT2-57,02 RHS,6,14,,,,,,,,,,Verified,ERIC,,
,125,4M0614724J,BRAKE LINE,T1-36,01 LHS,7,3,,,,,,,,,,Verified,BEE,,
,126,4M2614705R,BRAKE LINE,T1-38,01 LHS,7,2,,,,,,,,,,Verified,BEE,,
,127,4M2614706AD,BRAKE LINE,T1-39,01 LHS,7,3,,,,,,,,,,Verified,BEE,,
,128,4M0827229B,COVER,T1-52,01 RHS,7,3,,,,,,,,,,Verified,AZWAN,,
,129,4M0831721C,DOOR SEAL,T2-7,02 LHS,7,6,,,,,,,,,,Verified,BEE,,
,130,4M0860021B1P9,ROOF RAILS,T2-2,02 LHS,7,5,,,,,,,,,,Verified,BEE,,
,131,4M0839119D,SEAL,T2-8,02 LHS,7,8,,,,,4,,,,,Verified,BEE,,
,132,4M0839120D,SEAL,T2-76,02 RHS,7,6,,,,,,,,,,Verified,AZWAN,,
,133,4M0880741K,CURTAIN AIRBAG,T2-14,02 LHS,7,5,,,,,,,,,,Verified,AZWAN,,
,134,4M0827705,COVER SEAL,T1-53,01 RHS,7,3,,,,,,,,,,Verified,AZWAN,,
,135,5H6827550K,GAS SPRING,GT1-41,01 RHS,8,44,3,,,,,,,,,Verified,Faisal,,3 pcs
,137,5WC614726,BRAKE LINE,GT2-11,02 LHS,8,3,54,,,,,,,,,Verified,BEE,,54 pcs transit area
,138,N  10572403,TRIPLE SQUARE BOLT,GT2-25,02 LHS,8,1335,,,,,,,,,,Verified,BEE,,
,139,N  98926001,12-POINT SOCKET FLANGE BOLT,GT2-29,02 LHS,8,305,,,,,,,,,,Verified,BEE,,
,140,5WA907651,ACCELERATION SENSOR,GT2-09,02 LHS,8,359,,,,,359,,,,,Verified,Faisal,,
,141,5H6035577A,IMPEDANCE CONVERTER,GT2-08,02 LHS,8,23,,,,,56,,,,,Verified,BEE,,
,142,7P6853910A,CLAMP,GT2-24,02 LHS,8,5534,,,,,,,,,,Verified,BEE,,
,143,5N0035570,ANTIRESONANT CIRCUIT,GT2-19,02 LHS,8,37,,,,,,,,,,Verified,BEE,,
,144,N  91235501,12-POINT SOCKET SHOULDER BOLT,GT2-27,02 LHS,8,112,,,,,112,,,,,Verified,Faisal,,
,145,N  91208801,TRIPLE SQUARE PAN HEAD BOLT,GT2-39,02 LHS,8,219,,,,,,,,,,Verified,BEE,,
,146,5Q2614235L,"RETAINER,ABS-EDL UNIT",GT2-02,02 LHS,8,2,,,,,,,,,,Verified,BEE,,
,147,N  105835019B9,EXPANSION RIVET,GT2-38,02 LHS,8,489,,,,,,,,,,Verified,BEE,,
,148,6R0611797D,BRACKET,GT2-12,02 LHS,8,325,,,,,,,,,,Verified,BEE,,
,149,3Q0614235C,"RETAINER,ABS-EDL UNIT",GT2-33,02 LHS,8,4,90,,,,,,,,,Verified,BEE,,
,150,5WA035507M 041,ANTENNA,GT2-35,02 LHS,8,1,20,,,,,,,,,Verified,BEE,,
,151,5H1971147BP,"HARNESS,TRUNK LID",GT2-34,02 RHS,8,14,,,,,,,,,,Verified,BEE,,
,152,4M0864440A,TRIM,T1-75,1 RHS,9,6,,,,,,,,,,Counted,,,Actual : tact 1 rhs rack no 4
,153,3Q2614739C,"BRAKE PRESSURE TUBE,CENTER",GT2-42,02 LHS,9,14,25,,,,,,,,,Counted,,,"Actual : rack 6
25 pcs transit area"
,154,N  10585401,BLIND RIVET SCREW,T02-65,02 LHS,9,20,266,,,,,,,,,Verified,ERIC,,
,155,4M086773,BRACKET,T02-54,02 LHS,9,15,,,,,,,,,,Counted,,,"Full part no : 4M0867730
"
,156,4M8947406A,ENTRY LIGHT,T02-73,02 LHS,9,16,,,,,,,,,,Verified,ERIC,,
,157,4M0827887C,POWER LATCHING,T02-55,02 LHS,9,12,,,,,,,,,,Verified,ERIC,,
,158,4M0861736A 4PK,HOOK EYE,T02-77,02 LHS,9,88,,,,,,,,,,Verified,ERIC,,
,159,N  90920301,BLIND RIVET NUT,T02-64,02 LHS,9,23,,,,,,,,,,Verified,ERIC,,
,160,N  10621601,HEXALOBULAR SOCKET  SCREW WITH FLANGE,T02-63,02 LHS,9,84,,,,,,,,,,Verified,ERIC,,
,161,80C959121B,SENSOR,T02-62,02 LHS,9,76,,,,,,,,,,Verified,ERIC,,
,162,4M0827713,PLUG,T02-61,02 LHS,9,178,,,,,,,,,,Verified,ERIC,,
,163,8W6943021B,LICENSE PLATE LIGHT,T02-60,02 LHS,9,81,,,,,,,,,,Verified,ERIC,,
,164,4M0000302A,"BRACKET,VEHICLE IDENTIFICATION NO.",T02-68,02 LHS,9,97,,,,,,,,,,Verified,ERIC,,
,165,4M2713035B,EMERGENCY RELEASE,T02-90,02 LHS,9,36,,,,,,,,,,Verified,ERIC,,
,166,N  91173301,HEXAGON NUT W. WASHER,T02-91,02 LHS,9,4,,,,,,,,,,Verified,ERIC,,
,167,N  90681301,CORRUGATED TUBE BR ACKET,T02-92,02 LHS,9,16,39,,,,,,,,,Verified,ERIC,,
,168,4M0863859,FILLER,T02-93,02 LHS,9,15,,,,,,,,,,Verified,ERIC,,
,169,WHT005586,TAP END STUD,T02-97,02 LHS,9,24,,,,,,,,,,Verified,ERIC,,
,170,8X0972501,CONTACT,T02-99,02 LHS,9,39,,,,,,,,,,Counted,,,
,171,4H097126,ANTI-ROTATION FEATURE,T02-98,02 LHS,9,209,,,,,,,,,,Counted,,,Actual Part no : 4H097260
,172,4E0867289,CLAMP,T02-66,02 LHS,9,181,,,,,,,,,,Counted,,,
,173,4M0959655BG,"CONTROL UNIT, AIRBAG",T02-96,02 LHS,9,1,,,,,,,,,,Counted,,,
,174,4M8907777CA,EL.CONTROL UNIT,T02-95,02 LHS,9,3,4,,,,,,,,,Verified,ERIC,,
,175,4M0857706ALV04,SEAT BELT,T2-82,02 LHS,9,7,12,,,,,,,,,Counted,,,12 pcs transit area
,176,4M0857806N V04,SEAT BELT,T2-83,02 LHS,9,5,5,5,,,,,,,,Verified,ERIC,,
,177,4M0857812E V04,SEAT BELT,T2-84,02 LHS,9,1,1,1,2,14,,,,,,Verified,ERIC,,"Kotak no.6 : 1pc
6 pcs transit area"
,178,4M0853927A T94,"MOLDING,FLAP",T02-67,02 LHS,9,1,,,,,,,,,,Verified,ERIC,,
,179,WHT002605,PAN HEAD BOLT,T02-88,02 LHS,9,285,,,,,,,,,,Verified,ERIC,,
,180,4M0863346,BRACKET,T02-89,02 LHS,9,29,,,,,,,,,,Verified,ERIC,,
,181,4M0863345,BRACKET,T02-87,02 LHS,9,34,,,,,,,,,,Verified,ERIC,,
,182,N  90434903,HEXAGON NUT W. WAS HER,T02-58,02 LHS,9,204,,,,,,,,,,Verified,ERIC,,
,183,6Q0823567,LINE BRACKET,T02-85,02 LHS,9,52,,,,,,,,,,Verified,ERIC,,"Part name Clip in box
"
,184,N  91019701,BLIND RIVET,GT2-31,02 LHS,10,4064,,,,,,,,,,Verified,BEE,,
,185,N  90994601,EXPANSION NUT,GT2-20,02 LHS,10,121,,,,,,,,,,Verified,BEE,,
,186,N  90229104,HEXAGON FLANGE NUT,GT2-26,02 LHS,10,340,,,,,,,,,,Verified,BEE,,
,187,WHT003682,TRIPLE SQUARE BOLT,GT2-28,02 LHS,10,480,,,,,,,,,,Verified,BEE,,
,188,N  10456201,HEXALOBULAR SOCKET HEAD CAP BOLT,GT2-13,02 LHS,10,154,,,,,,,,,,Verified,BEE,,
,189,5H0854542,RETAINING STRIP,GT2-05,02 LHS,10,113,,,,,,,,,,Verified,BEE,,
,190,5H0854541,RETAINING STRIP,GT2-04,02 LHS,10,90,,,,,,,,,,Verified,BEE,,
,191,565857819A,SEAT BELT HEIGHT ADJUSTMENT,GT2-21,02 LHS,10,34,,,,,,,,,,Verified,BEE,,
,192,510857817,BELT GUIDE FITTING,GT2-23,02 LHS,10,225,7,,,,,,,,,Verified,BEE,,
,193,3D0805521A,PROTECTIVE FILM,GT2-03,02 LHS,10,609,,,,,,,,,,Verified,BEE,,
,194,3Q2612163A,HEAT SHIELD,GT2-41,02 LHS,10,10,50,,,,,,,,,Verified,BEE,,
,195,5WA614517DS,BRAKE UNIT,GT2-37,02 LHS,10,6,,,,,,,,,,Verified,BEE,,
,196,7N0819465F,ONE-WAY FLAP-TYPE VEHICLE VENT.VALVE,GT2-22,02 LHS,10,55,,,,,,,,,,Verified,BEE,,
,197,5WA614235D,"RETAINER,ABS-EDL UNIT",GT2-64,02 LHS,10,33,,,,,,,,,,Verified,BEE,,
,198,5WA614517DT,BRAKE UNIT,GT2-62,02 LHS,10,4,6,,,,,,,,,Verified,BEE,,
,199,5H6857805M RAA,SEAT BELT,GT2-32,02 LHS,10,8,3,,,,,,,,,Verified,BEE,,
,201,5WC614725B,BRAKE LINE,GT2-10,02 LHS,10,1,4,4,2,,,,,,,Counted,,,4 pcs transit area
,202,8V4861195,COMPENSATING ELEMENT,T02-01,02 LHS,11,61,,,,,,,,,,Verified,BEE,,
,203,4M0971176,ADAPTER CABLE,T02-3,02 LHS,11,14,,,,,,,,,,Verified,BEE,,
,204,N  90570802,HEXAGON NUT W. WASHER,T02-04,02 LHS,11,425,,,,,,,,,,Verified,BEE,,
,205,4M8947405A,ENTRY LIGHT,T02-05,02 LHS,11,15,,,,,,,,,,Verified,BEE,,
,206,4M0947417,ENTRY LIGHT,T02-06,02 LHS,11,32,,,,,,,,,,Verified,BEE,,
,207,4M0861735A 4PK,HOOK EYE,T02-09,02 LHS,11,86,,,,,,,,,,Verified,BEE,,
,208,N  90365912,HEXALOBULAR SOCKET  PAN HEAD SCREW,T02-10,02 LHS,11,134,,,,,,,,,,Verified,BEE,,
,209,4M0810659,BRACKET,T02-11,02 LHS,11,3,44,,,,,,,,,Verified,BEE,,
,210,N  10737001,PREV.TORQUE TYPE HEX.NUT W.FLANGE,T02-12,02 LHS,11,297,,,,,,,,,,Verified,BEE,,
,211,N  10651801,HEXALOBULAR SOCKET  SCREW WITH FLANGE,T02-15,02 LHS,11,128,,,,,,,,,,Verified,BEE,,
,212,4M0035399R,LOUDSPEAKER,T02-16,02 LHS,11,26,,,,,,,,,,Verified,BEE,,
,213,4M0857819A,SEAT BELT HEIGHT ADJUSTMENT,T02-17,02 LHS,11,2,,,,,,,,,,Verified,BEE,,
,214,N  10784201,TRIPLE SQUARE BOLT,T02-18,02 LHS,11,300,,,,,,,,,,Verified,BEE,,
,215,N  98926001,12-POINT SOCKET FLANGE BOLT,T02-20,02 LHS,11,198,,,,,,,,,,Verified,BEE,,
,216,N  91225901,HEXALOBULAR SOCKET  SCREW WITH FLANGE,T02-21,02 LHS,11,81,,,,,,,,,,Verified,BEE,,
,217,N  91235501,12-POINT SOCKET SHOULDER BOLT,T02-22,02 LHS,11,39,,,,,,,,,,Verified,BEE,,
,218,8V3857817B,BELT GUIDE FITTING,T02-23,02 LHS,11,17,,,,,,,,,,Verified,BEE,,
,219,N  98924701,TRIPLE SQUARE BOLT,T02-26,02 LHS,11,95,,,,,,,,,,Verified,BEE,,
,220,N  91019701,BLIND RIVET,T02-30,02 LHS,11,255,,,,,,,,,,Verified,BEE,,
,221,7P6853910A,CLAMP,T02-32,02 LHS,11,118,,,,,,,,,,Verified,BEE,,
,222,8W0614235F,"RETAINER,ABS-EDL UNIT",T02-34,02 LHS,11,16,,,,,,,,,,Verified,BEE,,
,223,4M0845453,CLAMPING STRIP,T02-29,02 LHS,11,70,,,,,55,,,,,Verified,BEE,,
,224,4M0845454,CLAMPING STRIP,T02-31,02 LHS,11,70,,,,,47,,,,,Verified,BEE,,
,225,4M0857705ALV04,SEAT BELT,T2-19,02 LHS,11,3,12,,,,,,,,,Verified,BEE,,12 pcs transit area
,226,4M0857811E V04,SEAT BELT,T2-27,02 LHS,11,4,16,,,,,,,,,Verified,BEE,,16 pcs transit area
,227,N  10808801,HEXAGON FLANGE BOLT,T02-35,02 LHS,11,50,,,,,,,,,,Verified,BEE,,
,228,4M0614125G,"RETAINER,ABS",T02-36,02 LHS,11,27,,,,,,,,,,Verified,BEE,,
,229,N  0116662,WASHER,T02-37,02 LHS,11,42,,,,,,,,,,Verified,BEE,,
,231,N  90570805,HEXAGON NUT W. WASHER,T02-38,02 LHS,11,9,,,,,,,,,,Verified,BEE,,
,232,4M0857805N V04,SEAT BELT,T2-24,02 LHS,11,15,,,,,,,,,,Verified,BEE,,
,233,4G0611797,BRACKET,T02-40,02 LHS,11,57,,,,,,,,,,Verified,BEE,,
,234,N  10335501,SWIVEL-TYPE OMEGA CLIP,T02-41,02 LHS,11,296,,,,,,,,,,Verified,BEE,,
,235,8K0611797F,BRACKET,T02-42,02 LHS,11,58,,,,,,,,,,Verified,BEE,,
,236,8D0853419F,SEALING STRIP,T02-45,02 LHS,11,43,,,,,,,,,,Verified,BEE,,
,237,N  10082913,HEXAGON HEAD BOLT WITH WASHER,T02-39,02 LHS,11,46,,,,,,,,,,Verified,BEE,,
,238,4M0614723E,BRAKE LINE,T02-44,02 LHS,11,71,,,,,,,,,,Verified,BEE,,
,239,4M0035225P,ANTENNA AMPLIFIER,T02-47,02 LHS,11,15,,,,,,,,,,Verified,BEE,,
,240,4M0035225A,ANTENNA AMPLIFIER,T02-48,02 LHS,11,15,,,,,,,,,,Verified,BEE,,
,241,56G919279,"LOUDSPEAKER,PARK DISTANCE CONTROL",T02-49,02 LHS,11,103,,,,,,,,,,Verified,BEE,,
,242,4F0857784,EXPANSION RIVET,T02-50,02 LHS,11,435,,,,,,,,,,Verified,BEE,,
,243,N  91137101,"CLIP-ON NUT, PREV. TORQUE TYPE",T02-51,02 LHS,11,3,,,,,,,,,,Verified,BEE,,
,244,4M0867729,BRACKET,T02-52,02 LHS,11,15,,,,,,,,,,Verified,BEE,,
,245,N  10738101,HEXALOBULAR SOCKET SCREW W.WASHER,T02-53,02 LHS,11,723,,,,,,,,,,Verified,BEE,,
,246,N  10604402,HEXAGON FLANGE BOLT,GT3-01,03 RHS,12,3,,,,,,,,,,Verified,ERIC,,
,247,N  90991502,HEXAGON FLANGE SCREW W.WASHER,GT3-06,03 RHS,12,70,,,,,,,,,,Verified,ERIC,,
,248,1J0937510A,PLUG-IN BASE,GT3-03,03 RHS,12,125,,,,,,,,,,Verified,ERIC,,Part name connector adapter
,249,N  90757901,HEX.NUT,GT3-13,03 RHS,12,197,1000,,,,,,,,,Verified,ERIC,,
,250,WHT009506,EXPANSION NUT,GT3-12,03 RHS,12,952,,,,,,,,,,Verified,ERIC,,
,251,N  90959003,HEXAGON HEAD BOLT WITH WASHER,GT3-10,03 RHS,12,418,,,,,,,,,,Verified,ERIC,,
,252,N  10633603,FILLISTER HEAD SELF-TAPPING SCREW,GT3-09,03 RHS,12,1363,,,,,,,,,,Verified,ERIC,,
,253,WHT000016,NUT WITH WASHER AS SEMBLY,GT3-07,03 RHS,12,93,,,,,,,,,,Verified,ERIC,,
,254,8V0927905A,GROMMET,GT3-05,03 RHS,12,106,,,,,,,,,,Verified,ERIC,,
,255,5Q2864767A,"BRACKET,FOOT SUPPORT",GT3-02,03 RHS,12,7,30,,,,,,,,,Verified,ERIC,,
,256,85E959651,FRONT SENSOR,GT3-08,03 RHS,12,146,,,,,,,,,,Verified,ERIC,,
,257,N  90761103,PREV.TORQUE TYPE HEX.NUT W.FLANGE,GT3-14,03 RHS,12,15,,,,,,,,,,Verified,ERIC,,
,258,N  91071702,HEXALOBULAR SOCKET PAN HEAD SCREW,GT3-11,03 RHS,12,237,,,,,,,,,,Verified,ERIC,,
,259,5WA962132A,ANTENNA,GT3-04,03 RHS,12,115,,,,,,,,,,Verified,ERIC,,
,260,4M0863028,"INSERT,FLOOR MAT",T3-28,03 RHS,13,19,,,,,,,,,,Verified,ERIC,,
,261,4M0612103AG,BRAKE BOOSTER,T3-37,03 RHS,13,1,,,,,,,,,,Verified,ERIC,,
,263,4N0721526A,BUSH,T03-33,03 RHS,13,176,,,,,,,,,,Verified,ERIC,,
,264,4N0857515A,BUSH,T03-32,03 RHS,13,43,,,,,,,,,,Verified,ERIC,,
,265,N  02300316,PREV.TORQUE TYPE HEX.NUT W.FLANGE,T03-30,03 RHS,13,66,,,,,,,,,,Verified,ERIC,,
,266,N  10714801,HEXALOBULAR SOCKET SCREW WITH FLANGE,T03-41,03 RHS,13,46,,,,,,,,,,Verified,ERIC,,
,267,N  90456002,HEXAGON FLANGE NUT,T03-36,03 RHS,13,984,,,,,,,,,,Verified,ERIC,,
,268,1H2937083,ANGLE BRACKET,T03-42,03 RHS,13,2,39,,,,,,,,,Verified,ERIC,,39 pcs transit area
,269,8W1723523H,PEDAL CLUSTER,T03-40,03 RHS,13,8,,,,,,,,,,Verified,ERIC,,
,270,WHT003382A,12-POINT FLANGE BO LT,T03-38,03 RHS,13,10,78,,,,,,,,,Verified,ERIC,,
,271,4M0937513J,POTENTIAL DISTRIBUTOR,T03-29,03 RHS,13,16,,,,,,,,,,Verified,ERIC,,
,272,N  90967702,HEXALOBULAR SOCKET HEAD CAP BOLT,T03-45,03 RHS,13,12,78,,,,,,,,,Verified,ERIC,,78 pcs transit area
,273,8W0819699,DOUBLE GROMMET,T03-43,03 RHS,13,8,150,,,,,,,,,Verified,ERIC,,150 pcs transit area
,274,N  10810301,DUO BOLT W.WASHER,T03-34,03 RHS,13,161,,,,,,,,,,Verified,ERIC,,
,275,N  10539401,COVER,T03-35,03 RHS,13,141,,,,,,,,,,Verified,ERIC,,
,276,4M2611931H,VACUUM LINE,T03-39,03 RHS,13,18,25,,,,,,,,,Verified,ERIC,,25 pcs transit area
,277,4M0816679,EXPANSION VALVE,T03-44,03 RHS,13,42,,,,,,,,,,Verified,ERIC,,
,279,4N0959651D,FRONT SENSOR,T03-01,03 LHS,14,32,,,,,,,,,,Verified,AZWAN,,
,280,N  91071702,HEXALOBULAR SOCKET PAN HEAD SCREW,T03-02,03 LHS,14,545,,,,,,,,,,Verified,AZWAN,,
,281,N  0150821,HEXAGON FLANGE NUT,T03-17,03 LHS,14,1245,,,,,,,,,,Verified,AZWAN,,
,282,N  90286703,PREV.TORQUE HEX. CLAMP NUT W.WASHER,T03-06,03 LHS,14,9,39,,,,,,,,,Verified,AZWAN,,39 pcs transit area
,283,4M0907247,ANTENNA,T03-18,03 LHS,14,11,,,,,,,,,,Verified,AZWAN,,
,284,N  90698606,FLANGE TAPPING SCR EW,T03-12,03 LHS,14,724,,,,,,,,,,Verified,AZWAN,,
,285,N  91206801,DUO HEXAGON FLANGE BOLT,T03-11,03 LHS,14,82,,,,,,,,,,Verified,AZWAN,,
,286,N  91042301,HEXALOBULAR SOCKET SCREW WITH FLANGE,T03-10,03 LHS,14,410,,,,,,,,,,Verified,AZWAN,,
,287,1H4971908A,PLUG,T03-14,03 LHS,14,86,,,,,,,,,,Verified,AZWAN,,
,288,4M0907176,BRACKET,T03-19,03 LHS,14,76,,,,,,,,,,Verified,AZWAN,,
,289,4K4907117AE,EL.CONTROL UNIT,T03-09,03 LHS,14,8,12,,,,,,,,,Verified,AZWAN,,
,290,4M0907682B,BRACKET,T03-08,03 LHS,14,8,24,,,,,,,,,Verified,AZWAN,,
,291,4M0907368C,"HOLDER,ELECTR. CONTR.UNIT",T03-16,03 LHS,14,10,10,,,,,,,,,Verified,AZWAN,,10 pcs transit area
,292,4M0907682,BRACKET,T03-07,03 LHS,14,16,,,,,,,,,,Verified,AZWAN,,
,293,8W1907064GP,BODY COMPUTER,T03-15,03 LHS,14,20,,,,,,,,,,Verified,AZWAN,,
,294,760827566,MOMENTARY SWITCH HANDLE,T4-62,04 RHS,15,4,24,,,,,,,,,Verified,AZWAN,,
,295,4M0863253,BRACKET,T4-58,04 RHS,15,47,,,,,,,,,,Verified,AZWAN,,
,296,N  90714303,HEXAGON NUT W. WASHER,T4-74,04 RHS,15,36,,,,,,,,,,Verified,AZWAN,,
,297,N  0150821,HEXAGON FLANGE NUT,T4-29,04 RHS,15,140,,,,,,,,,,Verified,AZWAN,,
,298,80A857608  4PK,GRAB HANDLE,T4-57,04 RHS,15,19,,,,,,,,,,Verified,AZWAN,,
,299,4M0807669,SEAL,T4-66,04 RHS,15,148,,,,,,,,,,Verified,AZWAN,,
,300,4M080767,SEAL,T4-67,04 RHS,15,141,,,,,,,,,,Verified,AZWAN,,
,301,4M0035507A,ANTENNA,T4-68,04 RHS,15,57,,,,,,,,,,Verified,AZWAN,,
,302,4M0035399Q,LOUDSPEAKER,T5-16,05 LHS,15,25,,,,,,,,,,Verified,AZWAN,,
,303,4KE955711,"MOTOR,REAR WIPER",T4-73,04 RHS,15,5,12,,,,,,,,,Verified,AZWAN,,12 pcs transit area
,305,4M0035525,"BRACKET,ANTENNA",T4-69,04 RHS,15,14,,,,,,,,,,Verified,AZWAN,,
,306,4K0959760G,SEAT CONTROL MODULE,T4-85,04 RHS,15,27,,,,,,,,,,Verified,AZWAN,,
,307,N  02300316,PREV.TORQUE TYPE HEX.NUT W.FLANGE,T4-101,04 RHS,15,12,,,,,,,,,,Verified,AZWAN,,
,308,N  90495301,HEX.NUT,T4-99,04 RHS,15,1884,,,,,,,,,,Verified,AZWAN,,
,309,4M0915143,GROMMET,T4-88,04 RHS,15,77,,,,,,,,,,Verified,AZWAN,,
,310,WHT004907,BLIND RIVET NUT,T4-89,04 RHS,15,37,,,,,,,,,,Verified,AZWAN,,
,311,N  91010401,BLIND RIVET,T4-91,04 RHS,15,111,,,,,,,,,,Verified,AZWAN,,
,312,4M0611845N,"BRACKET,BRAKE HOSE",T4-92,04 RHS,15,31,,,,,,,,,,Verified,AZWAN,,
,313,4M0611846N,"BRACKET,BRAKE HOSE",T4-93,04 RHS,15,41,,,,,,,,,,Verified,AZWAN,,
,314,4M0971845AS,BRACKET,T4-94,04 RHS,15,50,,,,,,,,,,Verified,AZWAN,,
,315,4M0611845J,"BRACKET,BRAKE HOSE",T4-95,04 RHS,15,40,,,,,,,,,,Verified,AZWAN,,
,316,4M0971846K,BRACKET,T4-96,04 RHS,15,56,,,,,,,,,,Verified,AZWAN,,
,317,4M0907239B,BRACKET,T4-84,04 RHS,15,17,,,,,,,,,,Verified,AZWAN,,
,318,8S0915181D,BATTERY MANAGEMENT,T4-100,04 RHS,15,25,,,,,,,,,,Verified,AZWAN,,
,319,4M0616010D,MUFFLER,T4-98,04 RHS,15,47,,,,,,,,,,Verified,AZWAN,,
,320,4M0611846J,"BRACKET,BRAKE HOSE",T4-97,04 RHS,15,40,,,,,,,,,,Verified,AZWAN,,
,321,5H6907456D09,BRACKET,GT9-43,04 RHS,15,23,,,,,,,,,,Verified,AZWAN,,
,322,5H6907455D09,BRACKET,GT9-42,04 RHS,16,23,,,,,,,,,,Verified,AZWAN,,
,323,3WA907670F,RADAR SENSOR,GT9-62,04 RHS,16,19,,,,,,,,,,Verified,AZWAN,,
,324,N  10354602,PAN HEAD SCREW W. WASHER FOR TP,GT4-38,04 RHS,16,1122,,,,,,,,,,Verified,AZWAN,,
,325,N  90994601,EXPANSION NUT,GT4-35,04 RHS,16,3307,,,,,,,,,,Verified,AZWAN,,
,326,WHT007640,COVER,GT4-33,04 RHS,16,376,,,,,,,,,,Verified,AZWAN,,
,327,5N0971836,CABLE CLAMP,GT4-36,04 RHS,16,1514,,,,,,,,,,Verified,AZWAN,,
,328,WHT005560,SPEED NUT,GT4-44,04 RHS,16,1572,,,,,,,,,,Verified,AZWAN,,
,329,N  10776001,HEXALOBULAR SOCKET  SCREW WITH FLANGE,GT4-41,04 RHS,16,219,,,,,,,,,,Verified,AZWAN,,
,330,3WA907376E,"CONTROL UNIT, SHOCK ABSORBER",GT4-46,04 RHS,16,8,,,,,,,,,,Verified,AZWAN,,
,331,5H0035456G,AMPLIFIER,GT4-45,04 RHS,16,6,,,,,,,,,,Verified,AZWAN,,
,332,5H6807394G,GUIDE PROFILE,GT4-28,05 RHS,16,34,,,,,,,,,,Verified,AZWAN,,
,333,5H6807393G,GUIDE PROFILE,GT4-26,05 RHS,16,34,,,,,,,,,,Verified,AZWAN,,
,334,191971928,PLUG,GT4-17,04 LHS,17,363,,,,,,,,,,Verified,AZWAN,,
,335,N  90928702,HEXAGON HEAD BOLT WITH WASHER,GT4-19,04 LHS,17,676,,,,,,,,,,Verified,AZWAN,,
,336,N  90094201,"CLIP-ON NUT, PREV. TORQUE TYPE",GT4-43,04 RHS,17,2238,,,,,,,,,,Verified,AZWAN,,
,337,5H0955985,SPRAY NOZZLE,GT4-15,04 LHS,17,52,,,,,,,,,,Verified,AZWAN,,
,338,5QS915181,BATTERY MANAGEMENT,GT4-23,04 LHS,17,26,,,,,,,,,,Verified,AZWAN,,
,339,5H0823709,SEAL,GT4-18,04 LHS,17,55,,,,,,,,,,Verified,AZWAN,,
,340,5G0823707,"SEAL,ENGINE HOOD",GT4-05,04 LHS,17,41,,,,,,,,,,Verified,AZWAN,,
,341,5WA906507A,"HOLDER,ELECTR. CONTR.UNIT",GT4-04,04 LHS,17,2,18,18,,,,,,,,Verified,AZWAN,,
,342,5G0868283A,FOAM PART,GT4-16,04 LHS,17,3,90,,,,,,,,,Verified,AZWAN,,
,343,5H0868143A4PK,TRIM,GT4-21,04 RHS,17,17,,,,,,,,,,Verified,AZWAN,,
,344,5H0945275D,REAR COMBINATION LAMP,GT4-48,04 LHS,17,2,0,,,,,,,,,Verified,AZWAN,,
,346,5H0868144A4PK,TRIM,GT4-22,04 RHS,17,17,,,,,,,,,,Verified,AZWAN,,
,347,N  10017304,HEXAGON FLANGE NUT,GT4-37,04 RHS,18,2294,,,,,,,,,,Verified,AZWAN,,
,348,8D0819598,PLUG,GT4-09,04 LHS,18,415,,,,,,,,,,Verified,AZWAN,,
,349,N  10226601,COVER,GT4-01,04 LHS,18,27,,,,,,,,,,Verified,AZWAN,,
,350,5WA906507,"HOLDER,ELECTR. CONTR.UNIT",GT4-50,04 LHS,18,10,18,,,,,,,,,Verified,AZWAN,,
,351,N  10618501,BLIND RIVET NUT,GT4-51,04 LHS,18,10,,,,,,,,,,Verified,AZWAN,,
,352,N  01508210,HEXAGON FLANGE NUT,GT4-20,04 LHS,18,358,,,,,,,,,,Verified,AZWAN,,
,353,N10115101,COVER,GT8-07,04 LHS,18,2373,,,,,,,,,,Verified,AZWAN,,
,354,N  10628101,COVER,GT4-06,04 LHS,18,92,,,,,,,,,,Verified,AZWAN,,
,355,5Q0820769,BRACKET,GT4-03,04 LHS,18,104,,,,,,,,,,Verified,AZWAN,,
,356,5Q0820774,DOUBLE CLIP,GT4-08,04 LHS,18,85,,,,,,,,,,Verified,AZWAN,,
,357,4M8955023E,WIPER MOTOR W. LINKAGE,T4-38,04 LHS,19,1,,,,,,,,,,Verified,AZWAN,,
,358,4M0863825A,HOOD SOUND INSULATION,T4-40,04 LHS,19,1,,,,,,,,,,Verified,AZWAN,,
,359,4M0819725B,AIR DEFLECTOR,T4-53,04 LHS,19,3,,,,,,,,,,Verified,AZWAN,,
,360,4M0819811E,"REAR FOOTWELL AIR DUCT,PILLAR B",T4-51,04 LHS,19,2,,,,,,,,,,Verified,AZWAN,,
,361,4M0819726B,AIR DEFLECTOR,T4-81,04 RHS,19,3,,,,,,,,,,Verified,AZWAN,,
,362,4M0819812G,"REAR FOOTWELL AIR DUCT,PILLAR B",T4-79,04 RHS,19,2,,,,,,,,,,Verified,AZWAN,,
,363,4M0807458A,GUIDE,T4-71,04 RHS,19,2,,,,,,,,,,Verified,AZWAN,,
,364,4M0823126,IMPACT PROTECTION,T4-41,04 LHS,19,2,,,,,,,,,,Verified,AZWAN,,
,367,4M0867239F 4PK,"TRIM PANEL,PILLAR B",T4-55,04 LHS,19,2,,,,,,,,,,Verified,AZWAN,,
,368,4M0867240K 4PK,"TRIM PANEL,PILLAR B",T4-82,04 RHS,19,2,,,,,,,,,,Verified,AZWAN,,
,369,4M0857185  4PK,TRIM,T5-24,05 LHS,19,0,,,,,,,,,,Counted,,,
,370,4M0819822C,REAR FOOTWELL AIR DUCT,T4-77,04 RHS,20,8,,,,,,,,,,Verified,BEE,,
,371,4M0907341A,BRACKET,T4-43,04 LHS,20,9,,,,,,,,,,Verified,BEE,,
,372,4M0819821C,REAR FOOTWELL AIR DUCT,T4-49,04 LHS,20,13,,,,,,,,,,Verified,BEE,,
,373,4M0819806B,REAR FOOTWELL AIR DUCT,T4-78,04 RHS,20,17,,,,,,,,,,Verified,BEE,,
,374,4M0863951B,FILLER,T1-73,04 LHS,20,9,,,,,,,,,,Verified,BEE,,
,375,4M0819805B,REAR FOOTWELL AIR DUCT,T4-50,04 LHS,20,18,,,,,,,,,,Verified,BEE,,
,376,4M0616203F,PRESSURE ACCUMULATOR,T4-45,04 LHS,20,2,5,,,,,,,,,Verified,BEE,,
,377,4M0616204F,PRESSURE ACCUMULATOR,T4-75,04 RHS,20,2,5,,,,,,,,,Verified,BEE,,
,378,4M0819804E,REAR FOOTWELL AIR DUCT,T4-76,04 RHS,20,7,5,,,,,,,,,Verified,BEE,,
,379,4M0819803D,REAR FOOTWELL AIR DUCT,T4-47,04 LHS,20,6,4,,,,,,,,,Verified,BEE,,
,380,4M0858400  4PK,WEDGE,T4-2,04 LHS,21,287,,,,,,,,,,Verified,BEE,,
,381,N  10618501,BLIND RIVET NUT,T4-16,04 LHS,21,72,,,,,,,,,,Verified,BEE,,
,382,4M0121233CE,BRACKET,T4-17,04 LHS,21,98,,,,,,,,,,Verified,BEE,,
,383,N  10714802,HEXALOBULAR SOCKET SCREW WITH FLANGE,T4-18,04 LHS,21,40,,,,,,,,,,Verified,BEE,,
,384,N  90994403,HEXAGON HEAD BOLT WITH WASHER,T4-20,04 LHS,21,74,,,,,,,,,,Verified,BEE,,
,385,N  90856801,BLIND RIVET NUT,T4-5,04 LHS,21,78,,,,,,,,,,Verified,BEE,,
,386,N  90737502,BLIND RIVET SCREW,T4-6,04 LHS,21,292,,,,,,,,,,Verified,BEE,,
,387,N  0445114,TAP END STUD,T4-7,04 LHS,21,219,,,,,,,,,,Verified,BEE,,
,388,4M0971502AC,BRACKET,T4-8,04 LHS,21,4,20,,,,,,,,,Verified,BEE,,20 pcs transit area
,389,N  10340103,HEXAGON NUT W. WASHER,T4-9,04 LHS,21,641,,,,,,,,,,Verified,BEE,,
,390,4M0145841,"BRACKET,CHARGE AIR COOLER",T4-10,04 LHS,21,36,,,,,,,,,,Verified,BEE,,
,391,N  91096701,HEXALOBULAR SOCKET PAN HEAD SCREW,T4-11,04 LHS,21,364,,,,,,,,,,Verified,BEE,,
,392,4M0807284D,"GUIDE PART,FR",T4-15,04 LHS,21,8,,,,,,,,,,Verified,BEE,,
,393,80A857607  4PK,GRAB HANDLE,T4-3,04 LHS,21,40,,,,,,,,,,Verified,BEE,,
,394,80A857607A 4PK,GRAB HANDLE,T4-4,04 LHS,21,20,,,,,,,,,,Verified,BEE,,
,395,4M0121305BJ,BRACKET,T4-19,04 LHS,21,14,,,,,,,,,,Verified,BEE,,
,396,4M0819673A,HEATING HOSE,T4-21,04 LHS,21,97,,,,,,,,,,Verified,BEE,,
,397,N  90686901,SPRING CLAMP,T4-22,04 LHS,21,3,,,,,,,,,,Verified,BEE,,
,398,N  90687001,SPRING CLAMP,T4-25,04 LHS,21,95,,,,,,,,,,Verified,BEE,,
,399,4M0819927G,TUBE,T4-28,04 LHS,21,17,,,,,,,,,,Verified,BEE,,
,400,N  0150821,HEXAGON FLANGE NUT,T4-29,04 LHS,21,3052,,,,,,,,,,Verified,BEE,,
,401,N  10718801,HEXAGON FLANGE BOLT,T4-30,04 LHS,21,93,,,,,,,,,,Verified,BEE,,
,402,4M0122109BA,COOLANT HOSE,T4-31,04 LHS,21,152,,,,,,,,,,Verified,BEE,,
,403,4M0819674N,HEATING HOSE,T4-32,04 LHS,21,66,,,,,,,,,,Verified,BEE,,
,404,4M0899184,PLUG,T4-33,04 LHS,21,135,,,,,,,,,,Verified,BEE,,
,405,4M0820339G,BASE PLATE,T4-34,04 LHS,21,20,,,,,,,,,,Verified,BEE,,
,406,4M0899183,PLUG,T4-56,04 LHS,21,28,,,,,,,,,,Verified,BEE,,
,407,8W2035283,COMMUNICATIONS BOX,T4-83,04 RHS,21,19,,,,,,,,,,Verified,BEE,,
,408,N  90731503,FLANGE SCREW FOR TP,T4-44,04 LHS,21,93,,,,,,,,,,Verified,BEE,,
,409,N  90652204,HEXAGON HEAD BOLT WITH WASHER,T4-39,04 LHS,21,121,,,,,,,,,,Verified,BEE,,
,410,4N095544,PLUG,T4-37,04 LHS,21,19,,,,,,,,,,Verified,BEE,,
,411,4M0820769G,BRACKET,T4-36,04 LHS,21,94,,,,,,,,,,Verified,BEE,,
,412,4KL907468S,EL.CONTROL UNIT,T4-42,04 LHS,21,1,11,,,,,,,,,Verified,BEE,,11 pcs transit area
,413,N  90887703,PREV.TORQUE TYPE HEX.NUT W.FLANGE,T4-46,04 LHS,21,36,,,,,,,,,,Verified,BEE,,
,414,4F0857784,EXPANSION RIVET,T4-48,04 LHS,21,552,,,,,,,,,,Verified,BEE,,
,416,8K0260759H,BRACKET,T4-35,04 LHS,21,17,,,,,,,,,,Verified,BEE,,
,417,4M0867191,BRACKET,T4-52,04 LHS,21,43,,,,,,,,,,Verified,BEE,,
,418,N  10738101,HEXALOBULAR SOCKET SCREW W.WASHER,GT4-42,04 RHS,22,1691,,,,,,,,,,Verified,MONA,,
,419,5H6827861A,HOSE,GT4-24,04 RHS,22,214,,,,,,,,,,Verified,MONA,,
,420,5H0971890,CONNECTOR HOLDER,GT4-31,04 RHS,22,391,,,,,,,,,,Verified,MONA,,
,421,N  10456201,HEXALOBULAR SOCKET HEAD CAP BOLT,GT4-32,04 RHS,22,346,,,,,,,,,,Verified,MONA,,
,423,N  91298601,"CLIP-ON NUT, PREV. TORQUE TYPE",GT4-39,04 RHS,22,753,,,,,,,,,,Verified,FAIZ,,
,424,WHT007662A,COVER,GT4-40,04 RHS,22,3952,,,,,,,,,,Verified,MONA,,
,425,5H0035933,BRACKET,GT4-25,04 RHS,22,16,,,,,,,,,,Verified,FAIZ,,
,426,5H6807393F,GUIDE PROFILE,GT4-27,05 RHS,22,10,,,,,,,,,,Verified,FAIZ,,
,427,5G2863143E,ANGLE BRACKET,GT4-02,04 LHS,22,59,,,,,,,,,,Verified,FAIZ,,
,428,5H0945276E,REAR COMBINATION LAMP,GT4-49,04 LHS,22,3,,,,,,,,,,Verified,FAIZ,,
,429,5H6807394F,GUIDE PROFILE,GT4-29,05 RHS,22,17,,,,,,,,,,Verified,FAIZ,,
,430,N  10609201,HEXAGON FLANGE NUT,T5-68,05 LHS,22,597,,,,,,,,,,Verified,FAIZ,,
,431,WHT010241,TRIPLE SQUARE BOLT,GT5-11,05 LHS,22,293,,,,,,,,,,Verified,FAIZ,,
,432,WHT008415,SPACER,GT5-10,05 LHS,22,106,,,,,,,,,,Verified,FAIZ,,
,433,N  10609204,HEXAGON FLANGE NUT,GT5-03,05 LHS,22,1453,,,,,,,,,,Verified,FAIZ,,
,434,N  90456002,HEXAGON FLANGE NUT,GT5-09,05 LHS,22,1635,236,,,,,,,,,Verified,FAIZ,,
,435,5Q0951172D,"SENSOR,ATAS",GT5-13,05 RHS,22,16,,,,,,,,,,Verified,FAIZ,,
,436,5H0959561CHTJA,SWITCH,GT5-12,05 RHS,22,3,,,,,,,,,,Verified,FAIZ,,
,437,N  10653101,HEXAGON FLANGE BOL T,GT5-18,05 RHS,22,226,,,,,,,,,,Verified,FAIZ,,
,438,5QS971882,EDGE PROTECTION,GT5-19,05 RHS,22,233,,,,,,,,,,Verified,FAIZ,,
,439,5WA971243A,GROUND STRAP,GT5-17,05 RHS,22,65,,,,,,,,,,Verified,FAIZ,,
,440,5QS959682D,CONVERTER,GT5-22,05 RHS,22,0,25,,,,,,,,,Counted,,,25 pcs transit area
,441,N  10786101,12-POINT SOCKET FL ANGE BOLT,GT5-20,05 RHS,22,425,,,,,,,,,,Verified,FAIZ,,
,442,5QS971226A,"HARNESS,BATTERY",GT5-21,05 RHS,22,11,,,,,,,,,,Verified,FAIZ,,
,443,5H0827469AFDPJ ,RELEASE MECHANISM,GT4-47,05 LHS,22,2,6,,,,,,,,,Verified,MONA,,
,444,4M0867234AB2O9,"TRIM PANEL,PILLAR A",T5-60,05 RHS,23,2,,,,,,,,,,Verified,FAIZ,,
,445,4M0867245F 2O9,"TRIM PANEL,PILLAR D",T5-22,05 LHS,23,2,,,,,,,,,,Verified,FAIZ,,
,446,4M0867246F 2O9,"TRIM PANEL,PILLAR D",T5-64,05 RHS,23,2,,,,,,,,,,Verified,FAIZ,,
,447,4M0881677A,SEAT FRAME,T5-2,05 LHS,23,4,,,,,,,,,,Verified,FAIZ,,
,448,4M0867243F 2O9,"TRIM PANEL,PILLAR B",T5-15,05 LHS,23,2,,,,,,,,,,Verified,FAIZ,,
,449,4N0915105G,BATTERY,T5-41,05 RHS,23,2,,,,,,,,,,Verified,FAIZ,,
,450,4P0915089C,BATTERY,T5-7,05 LHS,23,2,,,,,,,,,,Verified,FAIZ,,
,451,4M0863560,DRIVE UNIT,T5-31,05 RHS,23,2,,,,,,,,,,Verified,FAIZ,,
,455,4M0845297BK,SIDE WINDOW GLASS,T5-28,05 LHS,23,2,,,,,,,,,,Verified,FAIZ,,
,456,4M0867233AB2O9,"TRIM PANEL,PILLAR A",T5-13,05 LHS,23,2,,,,,,,,,,Verified,FAIZ,,
,457,4M0915399L,BATTERY COVER,T5-43,05 RHS,23,2,,,,,,,,,,Verified,FAIZ,,
,458,4M0867244F2O9,"TRIM PANEL,PILLAR B",T5-61,05 RHS,23,2,,,,,,,,,,Verified,FAIZ,,
,459,4M0845298CG,SIDE WINDOW GLASS,T5-29,05 LHS,23,2,,,,,,,,,,Verified,FAIZ,,
,460,4M0867287H2O9,"TRIM PANEL,PILLAR C",T5-20,05 LHS,23,2,,,,,,,,,,Verified,FAIZ,,
,461,4M0867288H 2O9,"TRIM PANEL,PILLAR C",T5-63,05 RHS,23,2,,,,,,,,,,Verified,FAIZ,,
,463,4M0863697P,TRIM,T5-37,05 RHS,23,2,,,,,,,,,,Verified,FAIZ,,
,464,4M0864471B,"SUPPORT,LINING",T5-1,05 LHS,24,37,,,,,,,,,,Verified,FAIZ,,
,465,4M088128,CLIP,T5-3,05 LHS,24,22,156,,,,,,,,,Verified,FAIZ,,Wrong part no. Actual 4M0881280
,466,4H0915143,GROMMET,T5-4,05 LHS,24,49,,,,,,,,,,Verified,FAIZ,,
,467,4M0802419E,BRACKET,T5-5,05 LHS,24,17,,,,,,,,,,Verified,FAIZ,,
,469,N  10435508,PREV.TORQUE TYPE HEX.NUT W.FLANGE,T5-6,05 LHS,24,50,,,,,,,,,,Verified,FAIZ,,
,470,4M0804815B,CLAMP,T5-9,05 LHS,24,18,,,,,,,,,,Verified,FAIZ,,
,471,N  10340103,HEXAGON NUT W. WASHER,T5-10,05 LHS,24,77,,,,,,,,,,Verified,FAIZ,,
,472,N  10354602,PAN HEAD SCREW W. WASHER FOR TP,T5-23,05 LHS,24,39,,,,,,,,,,Verified,AZWAN,,
,473,4M0035399J,LOUDSPEAKER,T5-11,05 LHS,24,9,15,,,,,,,,,Verified,FAIZ,,
,474,8W9868953  4PK,TANG,T5-25,05 LHS,24,45,,,,,,,,,,Verified,FAIZ,,
,475,N10684701,HEXALOBULAR SOCKET SCREW WITH FLANGE,T05-70,05 LHS,24,349,,,,,,,,,,Verified,FAIZ,,
,476,N91074201,HEXALOBULAR SOCKET  SCREW WITH FLANGE,T5-14,05 LHS,24,12,312,,,,,,,,,Verified,FAIZ,,
,477,N  90777702,"CLIP-ON NUT, PREV.  TORQUE TYPE",T4-14,04 LHS,24,2238,,,,,118,,,,,Verified,FAIZ,,
,478,N  10485703,HEXALOBULAR SOCKET PAN HEAD SCREW,T5-12,05 LHS,24,2,,,,,,,,,,Verified,FAIZ,,
,479,WHT010136,HEXAGON FLANGE NUT,T4-13,04 LHS,24,34,443,,,,,,,,,Verified,FAIZ,,
,480,4M0867735,BRACKET,T5-21,05 LHS,24,30,,,,,,,,,,Verified,FAIZ,,
,481,4M0863912,INSULATING MAT,T5-19,05 LHS,24,40,,,,,,,,,,Verified,FAIZ,,
,482,4M0807283D,"GUIDE PART,FR",T4-12,04 LHS,24,7,35,,,,,,,,,Verified,FAIZ,,
,483,N  91235501,12-POINT SOCKET SHOULDER BOLT,T5-18,05 LHS,24,65,,,,,,,,,,Verified,FAIZ,,
,484,4M0854327B01C,WATER DEFLECTOR STRIP,T6-64,05 LHS,24,14,,,,,,,,,,Verified,FAIZ,,
,485,4G0819209L 6PS,VENT,T5-17,05 LHS,24,31,,,,,,,,,,Verified,FAIZ,,
,486,4M0854328B01C,WATER DEFLECTOR STRIP,T6-65,05 LHS,24,14,,,,,,,,,,Verified,FAIZ,,
,487,80A857608  4PK,GRAB HANDLE,T4-57,04 RHS,25,19,,,,,,,,,,Verified,FAIZ,,
,488,4M0864501E,"FILLER,TRUNK FLOOR",T5-57,05 RHS,25,13,,,,,,,,,,Verified,FAIZ,,
,489,4M0915429A,TERMINAL COVER,T5-56,05 RHS,25,66,,,,,,,,,,Verified,FAIZ,,
,490,N  90761103,PREV.TORQUE TYPE HEX.NUT W.FLANGE,T5-55,05 RHS,25,13,,,,,,,,,,Verified,FAIZ,,
,491,N  10124309,HEXALOBULAR SOCKET PAN HEAD SCREW,T5-54,05 RHS,25,76,,,,,,,,,,Verified,FAIZ,,
,492,4M0035399P,LOUDSPEAKER,T5-58,05 RHS,25,15,9,,,,,,,,,Verified,FAIZ,,
,493,4M0864472B,"SUPPORT,LINING",T5-59,05 RHS,25,30,,,,,,,,,,Verified,FAIZ,,
,494,8W9868954  4PK,TANG,T5-66,05 RHS,25,50,,,,,,,,,,Verified,FAIZ,,
,495,N  10609201,HEXAGON FLANGE NUT,T5-68,05 RHS,25,659,,,,,,,,,,Verified,FAIZ,,
,496,4G0819210L6PS,VENT,T5-62,05 RHS,25,29,,,,,,,,,,Verified,FAIZ,,
,498,4M0955985A,SPRAY NOZZLE,T5-70,05 RHS,25,45,,,,,,,,,,Verified,FAIZ,,
,499,4K9955205,CAP,T5-69,05 RHS,25,19,,,,,,,,,,Verified,FAIZ,,
,500,4M0955405C 1P9,WIPER LEVER,T5-67,05 RHS,25,14,,,,,,,,,,Verified,FAIZ,,
,501,4M08571864PK,TRIM,T5-65,05 RHS,25,76,,,,,,,,,,Verified,FAIZ,,
,502,N  0150821,HEXAGON FLANGE NUT,T5-32,05 RHS,25,73,169,,,,,,,,,Verified,FAIZ,,Wrong partno in system. Actual at rack N 01508210. Missing 0 at the end. 
,503,N  10718801,HEXAGON FLANGE BOLT,T5-33,05 RHS,25,0,,,,,,,,,,Counted,,,Barang tiada. Counter insert 0. Tp Verifier tak boleh nak click verify. 
,504,N  10719101,HEXAGON FLANGE BOL T,T5-34,05 RHS,25,78,10,,,,,,,,,Verified,FAIZ,,
,505,4M0971227DB,"HARNESS,BATTERY",T5-35,05 RHS,25,5,4,4,,,,,,,,Verified,FAIZ,,
,506,4M0915351,ANGLE BRACKET,T5-45,05 RHS,25,40,,,,,,,,,,Verified,FAIZ,,
,507,N  10572403,TRIPLE SQUARE BOLT,T5-46,05 RHS,25,192,,,,,,,,,,Verified,FAIZ,,
,508,N  91128001,12-POINT SOCKET FL ANGE BOLT,T5-47,05 RHS,25,84,,,,,,,,,,Verified,FAIZ,,
,509,N  10609204,HEXAGON FLANGE NUT,T5-48,05 RHS,25,42,,,,,,,,,,Verified,FAIZ,,
,510,4M0915501E,BATTERY AIR VENT.,T5-49,05 RHS,25,39,6,,,,,,,,,Verified,FAIZ,,
,511,4M0941828J,FUSE HOLDER,T5-53,05 RHS,25,47,,,,,,,,,,Verified,FAIZ,,
,512,N  91042301,HEXALOBULAR SOCKET SCREW WITH FLANGE,T5-52,05 RHS,25,1700,324,,,,,,,,,Verified,FAIZ,,
,513,4K0959663B,TRANSFORMER,T5-50,05 RHS,25,6,6,,,,,,,,,Verified,FAIZ,,
,514,4M0907349C,BRACKET,T5-51,05 RHS,25,24,6,,,,,,,,,Verified,FAIZ,,
,515,5Q0971848C,CABLE HOLDER,GT6-38,6 LHS,26,639,,,,,639,,,,,Verified,Hayati,,
,516,5Q0955443C,BRACKET,GT6-39,6 LHS,26,36,,,,,36,,,,,Verified,Hayati,,
,517,5WA907651,ACCELERATION SENSOR,GT6-06,6 LHS,26,332,,,,,332,,,,,Verified,Hayati,,
,518,N  91096801,HEXALOBULAR SOCKET PAN HEAD SCREW,GT6-10,6 LHS,26,624,,,,,624,,,,,Verified,Hayati,,
,519,5WA971227M,"HARNESS,BATTERY",GT6-29,6 LHS,26,7,10,,,,7,,,,,Verified,Hayati,,10 pcs transit area
,520,5Q0955443D,BRACKET,GT6-40,6 LHS,26,22,,,,,22,,,,,Verified,Hayati,,
,521,3WA907318A,COVER,GT6-33,6 LHS,26,18,,,,,18,,,,,Verified,Hayati,,
,522,5Q0971848B,CABLE HOLDER,GT6-37,6 LHS,26,482,,,,,482,,,,,Verified,Hayati,,
,523,N10009207,HEXAGON HEAD BOLT WITH WASHER,T6-34,6 LHS,26,33,44,,,,33,44,,,,Verified,Hayati,,
,524,05E907309CA,ENGINE CONTROL MODULE,GT6-31,6 LHS,26,5,12,,,,5,,,,,Verified,Hayati,,12 pcs transit area
,525,5WA915443C,BATTERY COVER,GT6-30,6 LHS,26,4,12,,,,4,,,,,Verified,Hayati,,12 pcs transit area
,529,5WA199262AN,ENGINE MOUNT,GT6-03,6 LHS,26,8,,,,,8,,,,,Verified,Hayati,,
,530,5G2815159C,COVER,GT6-12,6 RHS,26,48,,,,,48,,,,,Verified,Hayati,,
,531,5H0959753CCAUD,RADIO REMOTE CONTROL,GT6-28,6 RHS,26,58,,,,,58,,,,,Verified,Hayati,,
,532,N10737001,PREV.TORQUE TYPE HEX.NUT W.FLANGE,GT6-08,6 LHS,26,68,,,,,68,,,,,Verified,Hayati,,
,533,06K907425AA,ENGINE CONTROL MODULE,GT6-24,6 LHS,26,3,,,,,3,,,,,Verified,Hayati,,
,534,3Q0971848,CABLE HOLDER,GT6-27,6 LHS,26,80,,,,,80,,,,,Verified,Hayati,,
,535,N  01508210,HEXAGON FLANGE NUT,GT6-21,6 LHS,26,1405,,,,,1405,,,,,Verified,Hayati,,
,536,N  10451405,HEXALOBULAR SOCKET PAN HEAD SCREW,GT6-18,6 LHS,26,1654,,,,,1654,,,,,Verified,Hayati,,
,537,N  10726401,CLAMPING WASHER,GT6-07,6 LHS,26,5087,,,,,5087,,,,,Verified,Hayati,,
,538,N  90335004,CLAMPING WASHER,GT6-09,6 LHS,26,505,,,,,505,,,,,Verified,Hayati,,
,539,N  10854901,DOUBLE BOLT,GT6-19,6 LHS,26,12,200,,,,12,200,,,,Verified,Hayati,,
,540,N  91204001,HEXAGON FLANGE BOLT,GT6-11,6 LHS,26,187,,,,,187,,,,,Verified,Hayati,,
,541,5Q0971592A,BRACKET,GT6-05,6 LHS,26,161,238,,,,161,,,,,Verified,Hayati,,238pcs transit area
,542,3Q2721615C,SHIELD,GT6-04,6 LHS,26,67,,,,,67,,,,,Verified,Hayati,,
,543,5Q0971890E,CONNECTOR HOLDER,GT6-01,6 LHS,26,63,,,,,63,,,,,Verified,Hayati,,
,544,5Q0815479,INTAKE MANIFOLD,GT6-02,6 LHS,26,1,12,,,,1,12,,,,Verified,Hayati,,
,545,N  10746401,COVER,GT6-20,6 LHS,26,2096,,,,,2096,,,,,Verified,Hayati,,
,546,5WA199262AM,ENGINE MOUNT,GT6-32,6 LHS,26,3,,,,,3,,,,,Verified,Hayati,,
,547,4M0819523A,PLENUM CHAMBER BULKHEAD,T6-39,6 LHS,27,3,,,,,,,,,,Verified,FAIZ,,
,548,4M0864831AD,"TRIM, DASH PANEL",T6-53,6 LHS,27,3,,,,,,,,,,Verified,FAIZ,,
,549,4M0806303H,STRUT,T6-51,6 LHS,27,3,,,,,,,,,,Verified,FAIZ,,
,550,4M281674,REFRIGERANT LINE,T6-20,6 LHS,27,3,,,,,,,,,,Verified,FAIZ,,Actual partno 4M2816740
,551,4M281935,HEATING HOSE,T6-41,6 LHS,27,3,,,,,,,,,,Verified,FAIZ,,Missing 0 at the end part no
,552,4M2819979B,DRIP RAIL,T6-28,6 LHS,27,3,,,,,,,,,,Verified,FAIZ,,
,553,4M0955448C,WASHER FLUID RESERVOIR,T6-30,6 LHS,27,3,,,,,,,,,,Verified,FAIZ,,
,554,4M0816738M,REFRIGERANT PIPE,T6-29,6 LHS,27,3,,,,,,,,,,Verified,FAIZ,,
,555,4M2819904B,AIR INTAKE,T6-24,6 LHS,27,3,,,,,,,,,,Verified,FAIZ,,
,556,4M0825621K,"HEAT SHIELD, CROSS PANEL",T6-55,6 LHS,27,3,,,,,,,,,,Verified,FAIZ,,
,557,4H0907658C,SENSOR,T6-27,6 LHS,28,57,,,,,,,,,,Verified,JJ,,
,558,893971850C,CABLE TIE,T06-35,6 LHS,28,130,,,,,,,,,,Verified,JJ,,
,559,4M2819408A,FOLIAGE GRILLE,T6-26,6 LHS,28,29,0,,,,,,,,,Verified,JJ,,
,560,4M0955667A,TUBE,T6-32,6 LHS,28,39,,,,,,,,,,Verified,JJ,,
,561,4M0819345A,GROMMET,T6-42,6 LHS,28,17,,,,,,,,,,Verified,JJ,,
,562,3V0955235A,CAP,T6-33,6 LHS,28,2,,,,,,,,,,Verified,JJ,,
,564,N  91141501,EXPANSION RIVET,T6-37,6 LHS,28,36,,,,,,,,,,Verified,JJ,,
,565,4H0611743,GROMMET,T6-40,6 LHS,28,79,,,,,,,,,,Verified,JJ,,
,566,N  10653201,HEXAGON FLANGE BOLT,T6-43,6 LHS,28,200,,,,,,,,,,Verified,jj,,
,567,N  90687001,SPRING CLAMP,T6-44,6 LHS,28,813,,,,,,,,,,Verified,jj,,
,568,N  90686901,SPRING CLAMP,T6-48,6 LHS,28,5,,,,,,,,,,Verified,jj,,
,569,N  0195308,HEXAGON FLANGE BOLT,T6-52,6 LHS,28,35,,,,,,,,,,Verified,jj,,
,570,N  90335004,CLAMPING WASHER,T6-54,6 LHS,28,112,,,,,,,,,,Verified,jj,,
,571,N  90708803,SPRING NUT,T6-56,6 LHS,28,22,,,,,,,,,,Verified,jj,,No such stock
,572,4N0907605C,EL.CONTROL UNIT,T6-58,6 LHS,28,22,,,,,,,,,,Verified,jj,,
,573,8K0611797G,BRACKET,T6-14,6 LHS,28,628,,,,,,,,,,Verified,jj,,
,574,4N0959754EG,RADIO TRANSMITTER,T6-60,6 LHS,28,18,,,,,,,,,,Verified,jj,,
,575,4M0819532A,SEAL,T6-38,6 LHS,28,16,,,,,,,,,,Verified,jj,,
,576,4M0819314L,HEATING HOSE,T6-47,6 LHS,28,87,,,,,,,,,,Verified,jj,,
,577,4M0907714,"HOLDER,ELECTR. CONTR.UNIT",T6-59,6 LHS,28,11,60,,,,,,,,,Verified,jj,,60 pcs transit area
,578,N  0200251,STOPPER,T6-1,6 LHS,28,606,,,,,,,,,,Verified,JJ,,
,579,7L0899187,PLUG,T6-2,6 LHS,28,218,62,,,,,,,,,Verified,JJ,,
,580,7L0899188,DRAIN VALVE,T6-3,6 LHS,28,72,,,,,,,,,,Verified,JJ,,
,581,4H0804535,SEALING PART,T6-4,6 LHS,28,263,,,,,,,,,,Verified,JJ,,
,582,8K9955647,WASHER PUMP,T6-31,6 LHS,28,60,,,,,,,,,,Verified,JJ,,
,583,7L0899191,COVER,T6-5,6 LHS,28,10,,,,,,,,,,Verified,JJ,,
,584,7P0899183,PLUG,T6-6,6 LHS,28,49,,,,,,,,,,Verified,JJ,,
,585,191971908E,PLUG,T6-7,6 LHS,28,12,,,,,,,,,,Verified,JJ,,
,586,4M0899187,PLUG,T6-8,6 LHS,28,62,,,,,,,,,,Verified,jj,,
,587,N  10246001,COVER,T6-9,6 LHS,28,52,,,,,,,,,,Verified,JJ,,
,588,4M0899185,PLUG,T6-10,6 LHS,28,172,,,,,,,,,,Verified,JJ,,
,589,N  90860901,COVER,T6-11,6 LHS,28,400,,,,,,,,,,Verified,JJ,,
,590,N  90835705,HEXAGON HEAD BOLT WITH WASHER,T6-13,6 LHS,28,27,,,,,,,,,,Verified,JJ,,
,591,867971908,PLUG,T6-15,6 LHS,28,47,,,,,,,,,,Verified,JJ,,
,592,4M0813583C,PLUG,T6-16,6 LHS,28,12,,,,,,,,,,Verified,JJ,,
,593,4M0201449N,CLAMP,T6-17,6 LHS,28,431,,,,,,,,,,Verified,JJ,,
,594,4Z7721697A,LINE BRACKET,T6-18,6 LHS,28,568,,,,,,,,,,Verified,JJ,,
,595,N  10632102,HEXALOBULAR SOCKET  SCREW WITH FLANGE,T6-22,6 LHS,28,9,,,,,,,,,,Verified,JJ,,
,596,N  01508210,HEXAGON FLANGE NUT,T6-23,6 LHS,28,255,,,,,,,,,,Verified,JJ,,
,597,N  91237801,FLANGE SCREW FOR TP,T6-25,6 LHS,28,142,,,,,,,,,,Verified,JJ,,
,598,4M2816720M,REFRIGERANT LINE,T6-21,6 LHS,28,12,,,,,,,,,,Verified,JJ,,
,599,4M0955462,FILLER NECK,T6-36,6 LHS,28,6,,,,,,,,,,Verified,JJ,,
,601,06M907309F,ENGINE CONTROL MODULE,T6-57,6 LHS,28,5,,,,,,,,,,Verified,JJ,,
,602,5Q0121251HA,RADIATOR,GT8-29,8 LHS,29,4,,,,,,,,,,Verified,SHARIZAL,,
,603,3WA121093H,BRACKET,GT8-40,8 RHS,29,4,,,,,,,,,,Verified,SHARIZAL,,
,604,N  10784701,HEXAGON FLANGE BOLT,GT8-08,8 RHS,29,43,,,,,,,,,,Verified,SHARIZAL,,
,605,N  10784801,HEXAGON FLANGE BOLT,GT8-09,8 RHS,29,78,,,,,,,,,,Verified,SHARIZAL,,
,606,N  90761103,PREV.TORQUE TYPE HEX.NUT W.FLANGE,GT8-34,8 RHS,29,171,,,,,,,,,,Verified,SHARIZAL,,
,607,N  10737001,PREV.TORQUE TYPE HEX.NUT W.FLANGE,GT8-33,8 LHS,29,284,,,,,,,,,,Verified,SHARIZAL,,
,608,N  10471803,FLANGE SCREW FOR TP,GT8-25,8 LHS,29,4231,,,,,,,,,,Verified,SHARIZAL,,
,609,3WA121101A,COOLANT HOSE,GT8-30,8 LHS,29,32,,,,,,,,,,Verified,SHARIZAL,,
,610,3WA121093E,BRACKET,GT8-28,8 LHS,29,0,,,,,,,,,,Counted,,,
,611,3WA121101,COOLANT HOSE,GT8-36,8 RHS,29,32,,,,,,,,,,Verified,SHARIZAL,,
,612,3WA121051A,COOLANT HOSE,GT8-37,8 RHS,29,61,,,,,,,,,,Verified,SHARIZAL,,
,613,3WA121051G,COOLANT HOSE,GT8-31,8 LHS,29,63,,,,,,,,,,Verified,SHARIZAL,,
,614,3WA122101J,COOLANT HOSE,GT8-35,8 RHS,29,40,,,,,,,,,,Verified,SHARIZAL,,
,615,4M0971845CE,BRACKET,T8-43,8 RHS,30,47,,,,,,,,,,Verified,SHARIZAL,,
,616,4M0971845BQ,BRACKET,T8-44,8 RHS,30,50,,,,,,,,,,Verified,SHARIZAL,,
,617,4H0820098,GROMMET,T8-46,8 RHS,30,154,,,,,,,,,,Verified,SHARIZAL,,
,618,N10515101,COVER,T01-07,8 LHS,30,140,,,,,,,,,,Verified,SHARIZAL,,
,619,4M0616013B,VALVE BLOCK,T8-51,8 RHS,30,10,,,,,,,,,,Verified,SHARIZAL,,
,620,N  10721401,FLANGE SCREW FOR TP,T8-52,8 RHS,30,55,,,,,,,,,,Verified,SHARIZAL,,
,621,N  91207001,HEXAGON HEAD BOLT WITH WASHER,T8-53,8 RHS,30,41,,,,,,,,,,Verified,SHARIZAL,,
,623,N  90570805,HEXAGON NUT W. WASHER,T8-54,8 RHS,30,152,,,,,,,,,,Verified,SHARIZAL,,
,624,N  10737001,PREV.TORQUE TYPE HEX.NUT W.FLANGE,T8-60,8 RHS,30,414,,,,,,,,,,Verified,SHARIZAL,,
,625,N  10736701,12-POINT SOCKET FL ANGE BOLT,T8-65,8 RHS,30,37,,,,,,,,,,Verified,SHARIZAL,,
,626,N  91042301,HEXALOBULAR SOCKET SCREW WITH FLANGE,T8-66,8 RHS,30,1507,,,,,,,,,,Verified,SHARIZAL,,
,627,N  90757901,HEX.NUT,T8-67,8 RHS,30,368,,,,,,,,,,Verified,SHARIZAL,,
,628,443809948,CLIP,T8-68,8 RHS,30,125,,,,,,,,,,Verified,SHARIZAL,,
,629,4M0616091G,INTAKE HOSE,T8-55,8 RHS,30,12,,,,,,,,,,Verified,SHARIZAL,,
,630,4M0201997G,VENT LINE,T8-58,8 RHS,30,6,,,,,,,,,,Verified,SHARIZAL,,
,631,4M0201192K,COVER,T8-59,8 RHS,30,19,,,,,,,,,,Verified,SHARIZAL,,
,632,4M0616005H,AIR SUPPLY,T8-50,8 RHS,30,2,2,,,,,,,,,Verified,SHARIZAL,,6 pcs transit area
,633,4M0407510F,"CONTROL ARM,REAR",T8-63,8 RHS,30,6,,,,,,,,,,Verified,SHARIZAL,,
,634,4M0407506F,"CONTROL ARM,FRONT UPPER",T8-61,8 RHS,30,6,,,,,,,,,,Verified,SHARIZAL,,
,636,N  10784701,HEXAGON FLANGE BOLT,GT8-08,8 RHS,31,70,,,,,,,,,,Verified,SHARIZAL,,
,637,N  91066101,HEXAGON FLANGE SCREW W.WASHER,GT8-23,8 RHS,31,218,,,,,,,,,,Verified,SHARIZAL,,
,638,N91167101,HEXAGON FLANGE SCREW W.WASHER,GT8-24,8 RHS,31,77,,,,,,,,,,Verified,SHARIZAL,,
,639,N  10115101,COVER,GT8-07,8 RHS,31,459,,,,,,,,,,Verified,SHARIZAL,,
,640,N  10746401,COVER,GT8-15,8 RHS,31,17,,,,,,,,,,Verified,SHARIZAL,,
,641,N  10552404,HEXAGON FLANGE BOLT,GT8-12,8 RHS,31,61,,,,,,,,,,Verified,SHARIZAL,,
,642,N  10785401,HEXAGON FLANGE SCREW W.WASHER,GT8-13,8 RHS,31,85,85,,,,,,,,,Verified,SHARIZAL,,
,643,5Q0906407,BRACKET,GT8-19,8 RHS,31,293,,,,,,,,,,Verified,SHARIZAL,,
,644,N  0195307,HEXAGON FLANGE BOL T,GT9-38,8 RHS,31,321,500,500,,,,,,,,Verified,SHARIZAL,,1000 pcs transit area
,645,N  90648402,HEXAGON FLANGE SCREW W.WASHER,GT8-17,8 RHS,31,309,,,,,,,,,,Verified,SHARIZAL,,
,646,N  91246401,HEXAGON HEAD BOLT WITH WASHER,GT8-16,8 RHS,31,804,,,,,,,,,,Verified,SHARIZAL,,
,647,N  91133501,HEXAGON HEAD BOLT WITH WASHER,GT8-14,8 RHS,31,639,,,,,,,,,,Verified,SHARIZAL,,
,648,N  10854801,DOUBLE BOLT,GT8-10,8 RHS,31,132,,,,,,,,,,Verified,SHARIZAL,,
,649,N  90694901,COVER,GT8-02,8 RHS,31,106,,,,,,,,,,Verified,SHARIZAL,,
,650,N  10784801,HEXAGON FLANGE BOLT,GT8-09,8 RHS,31,14,155,,,,,,,,,Verified,SHARIZAL,,
,651,N  90693804,HEXAGON HEAD BOLT WITH WASHER,GT8-11,8 RHS,31,630,,,,,,,,,,Verified,SHARIZAL,,
,652,N 91229601,#N/A,#N/A,8 RHS,31,87,,,,,,,,,,Verified,SHARIZAL,,
,653,N  91135501,COVER,GT8-18,8 RHS,31,2275,,,,,,,,,,Verified,SHARIZAL,,
,654,5QF971830A,"BRACKET,PLUG",GT8-20,8 LHS,31,96,,,,,,,,,,Verified,SHARIZAL,,
,655,N10628101,COVER,GT8-03,8 LHS,31,420,,,,,,,,,,Verified,SHARIZAL,,
,656,5Q0501733A,SHIELD,GT8-04,8 RHS,31,11,,,,,,,,,,Verified,SHARIZAL,,
,657,5Q0501734A,SHIELD,GT8-05,8 RHS,31,9,,,,,,,,,,Verified,SHARIZAL,,
,658,5WA915331B,BATTERY TRAY,GT8-06,8 RHS,31,6,,,,,,,,,,Verified,SHARIZAL,,
,659,N  10272302,PREV.TORQUE TYPE HEX.NUT W.FLANGE,T8-23,8 LHS,32,29,,,,,,,,,,Verified,SHARIZAL,,
,660,4M0820769H,BRACKET,T8-5,8 LHS,32,43,,,,,,,,,,Verified,SHARIZAL,,
,661,N  10773901,HEXAGON FLANGE BOLT,T8-25,8 LHS,32,36,,,,,,,,,,Verified,SHARIZAL,,
,662,N  10759101,HEXAGON FLANGE BOL T,T8-26,8 LHS,32,84,,,,,,,,,,Verified,SHARIZAL,,
,663,N  90335004,CLAMPING WASHER,T8-28,8 LHS,32,373,,,,,,,,,,Verified,SHARIZAL,,
,664,N0150821,HEXAGON FLANGE NUT,T6-23,8 LHS,32,18,,,,,,,,,,Verified,SHARIZAL,,
,665,N  90708803,SPRING NUT,T6-56,8 LHS,32,237,,,,,,,,,,Verified,SHARIZAL,,
,666,4M0713850A,BRACKET,T8-37,8 LHS,32,100,,,,,,,,,,Verified,SHARIZAL,,
,667,N  91260301,HEXAGON FLANGE SCREW W.WASHER,T8-42,8 LHS,32,153,,,,,,,,,,Verified,SHARIZAL,,
,668,N  90686901,SPRING CLAMP,T8-47,8 LHS,32,0,,,,,,,,,,Counted,,,no box on the rack
,669,N  90856802,BLIND RIVET NUT,T8-57,8 LHS,32,35,,,,,,,,,,Verified,SHARIZAL,,
,670,WHT008002,COVER,T03-13,3 LHS,32,48,,,,,,,,,,Verified,SHARIZAL,,
,671,N90714303,HEXAGON NUT W. WASHER,T01-14,8 RHS,32,180,,,,,,,,,,Verified,SHARIZAL,,
,672,4M2825644D,"HEAT SHIELD, SIDE MEMBER",T8-39,8 LHS,32,18,,,,,,,,,,Verified,SHARIZAL,,
,673,N  90495301,HEX.NUT,T8-8,8 LHS,32,45,,,,,,,,,,Verified,SHARIZAL,,
,674,4M2825643H,"HEAT SHIELD, SIDE MEMBER",T8-40,8 LHS,32,19,,,,,,,,,,Verified,SHARIZAL,,
,675,N  90887703,PREV.TORQUE TYPE HEX.NUT W.FLANGE,T8-6,8 LHS,32,22,,,,,,,,,,Verified,SHARIZAL,,
,676,4M0121485BQ,COOLANT PIPE,T8-41,8 LHS,32,49,,,,,,,,,,Verified,SHARIZAL,,
,677,N  10632102,HEXALOBULAR SOCKET  SCREW WITH FLANGE,T8-14,8 LHS,32,0,,,,,,,,,,Counted,,,
,678,4M0825725D,"HEAT SHIELD,TRUNK FLOOR PANEL",T8-35,8 LHS,32,21,,,,,,,,,,Verified,SHARIZAL,,
,679,1J0611853,LINE BRACKET,T8-4,8 LHS,32,222,225,,,,,,,,,Verified,SHARIZAL,,
,680,4M0505563F,MASS DAMPER,T8-24,8 LHS,32,3,5,,,,,,,,,Verified,SHARIZAL,,
,681,1K0611853,LINE BRACKET,T8-3,8 LHS,32,183,,,,,,,,,,Verified,SHARIZAL,,
,682,4M0820769E,BRACKET,T8-7,8 LHS,32,9,,,,,,,,,,Verified,SHARIZAL,,
,683,4M0825691H,"HEAT SHIELDING, TUNNEL,REAR",T8-32,8 LHS,32,17,,,,,,,,,,Verified,SHARIZAL,,
,684,4H0260759E,BRACKET,T8-9,8 LHS,32,10,,,,,,,,,,Verified,SHARIZAL,,
,685,N  10582103,HEXALOBULAR SOCKET PAN HEAD SCREW,T8-10,8 LHS,32,44,,,,,,,,,,Verified,SHARIZAL,,
,686,8D0201441C,HEXAGON NUT,T8-11,8 LHS,32,7,44,,,,,,,,,Verified,SHARIZAL,,44 pcs transit area
,687,4M0820251B,RETAINING TAB,T8-12,8 LHS,32,47,,,,,,,,,,Verified,SHARIZAL,,
,688,4M0407505F,"CONTROL ARM,FRONT UPPER",T8-16,8 LHS,32,6,,,,,,,,,,Verified,SHARIZAL,,
,689,4M0407509F,"CONTROL ARM,REAR",T8-19,8 LHS,32,6,,,,,,,,,,Verified,SHARIZAL,,
,690,WHT006542,HEXAGON FLANGE BOL T,T8-22,8 LHS,32,74,150,,,,,,,,,Verified,SHARIZAL,,150 pcs transit area
,691,N  91222501,HEXAGON FLANGE SCREW W.WASHER,T8-21,8 LHS,32,173,,,,,,,,,,Verified,SHARIZAL,,
,692,N  10609201,HEXAGON FLANGE NUT,T8-13,8 LHS,32,801,,,,,,,,,,Verified,SHARIZAL,,
,693,6Q0611797L,BRACKET,T8-15,8 LHS,32,150,,,,,,,,,,Verified,SHARIZAL,,
,694,N  91221601,HEXAGON FLANGE SCREW W.WASHER,T8-18,8 LHS,32,194,,,,,,,,,,Verified,SHARIZAL,,
,695,C0867207,CLIP,GT9-47,9 RHS,33,720,,,,,,,,,,Verified,HAKAM,,
,696,N  90871301,BUTTON,GT9-57,9 RHS,33,656,,,,,,,,,,Verified,HAKAM,,
,697,WHT008715,HEXALOBULAR SOCKET SCREW WITH FLANGE,GT9-58,9 RHS,33,733,,,,,,,,,,Verified,HAKAM,,
,698,WHT002258,PREV.TORQUE HEX. CLAMP NUT W.WASHER,GT9-60,9 RHS,33,72,,,,,,,,,,Verified,HAKAM,,
,699,N  10240003,HEXAGON FLANGE BOL T,GT9-39,9 RHS,33,421,,,,,,,,,,Verified,HAKAM,,
,700,N  10746401,COVER,GT9-59,9 RHS,33,68,,,,,,,,,,Verified,HAKAM,,
,701,5WA201801,ACTIVATED CARBON CANISTER,GT9-45,9 RHS,33,41,,,,,,,,,,Verified,HAKAM,,
,702,518823633B,MOUNTING BRACKET,GT9-40,9 RHS,33,38,,,,,,,,,,Verified,HAKAM,,
,703,5NA809937A,HOSE,GT9-44,9 RHS,33,256,,,,,,,,,,Verified,HAKAM,,
,704,5H0809857D,FUEL FILLER DOOR MODULE,GT9-41,9 RHS,33,6,6,6,6,,,,,,,Verified,HAKAM,,
,705,5H2823533  4PK,OPERATING LEVER,GT9-65,9 RHS,33,66,,,,,,,,,,Verified,HAKAM,,
,706,N  10569501,HEXALOBULAR SOCKET FLANGE BOLT,GT9-76,9 LHS,34,157,,,,,,,,,,Verified,HAKAM,,
,707,N  10653301,HEXAGON FLANGE BOLT,GT9-72,9 LHS,34,459,,,,,,,,,,Verified,HAKAM,,
,708,5WA971244C,GROUND STRAP,GT9-73,9 LHS,34,2,,,,,,,,,,Verified,HAKAM,,
,709,5WA971336,BRACKET,GT9-71,9 LHS,34,101,,,,,,,,,,Verified,HAKAM,,
,710,N0206015,RETAINING CLAMP,GT9-74,9 LHS,34,232,,,,,,,,,,Verified,HAKAM,,
,711,N90686901,SPRING CLAMP,GT9-78,9 LHS,34,40,,,,,,,,,,Verified,HAKAM,,
,714,5QS971920,PROTECTIVE CAP,GT9-75,9 LHS,34,231,,,,,,,,,,Verified,HAKAM,,
,715,5H0121333,AIR DEFLECTOR,GT9-79,9 LHS,34,9,8,,,,,,,,,Verified,HAKAM,,
,716,5H0121334A,AIR DEFLECTOR,GT9-80,9 LHS,34,9,8,,,,,,,,,Verified,HAKAM,,
,717,5WA962133G,ANTENNA,GT9-70,9 RHS,34,48,15,,,,48,15,,,,Verified,HAKAM,,
,718,5Q0919237  WGI,"SWITCH,AIRBAG",GT9-64,9 RHS,34,3,89,,,,,,,,,Verified,HAKAM,,
,719,N  01033513,HEXAGON HEAD BOLT,GT9-49,9 RHS,34,41,794,,,,,,,,,Verified,HAKAM,,
,720,N 0195307,HEXAGON FLANGE BOL T,GT9-38,9 RHS,34,80,500,500,,,,,,,,Verified,HAKAM,,
,721,5H2858218A 4PK,END PLATE,GT9-69,9 RHS,34,26,,,,,,,,,,Verified,HAKAM,,
,722,5H2858217A 4PK,END PLATE,GT9-68,9 RHS,34,26,,,,,,,,,,Verified,HAKAM,,
,723,5H0868223B 4PK,LINING,GT9-66,9 RHS,34,22,,,,,,,,,,Verified,HAKAM,,
,724,5H0868224B 4PK,LINING,GT9-67,9 RHS,34,21,,,,,,,,,,Verified,HAKAM,,
,725,4M0121081F,COOLANT HOSE,T9-29,9 LHS,35,4,44,,,,,,,,,Verified,HAKAM,,
,726,N  10843101,SWIVEL-TYPE OMEGA CLIP,T9-30,9 LHS,35,9,39,,,,,,,,,Verified,HAKAM,,
,727,4M0201215AB,FUEL SUPPLY LINE,T9-31,9 LHS,35,29,,,,,,,,,,Verified,HAKAM,,
,728,4B0422379,SPRING CLAMP,T9-32,9 LHS,35,18,,,,,,,,,,Verified,HAKAM,,
,729,N  90926401,SPRING CLAMP,T9-33,9 LHS,35,44,,,,,,,,,,Verified,HAKAM,,
,730,4M0145737AS,PRESSURE HOSE,T9-39,9 LHS,35,9,,,,,,,,,,Verified,HAKAM,,
,731,N  90993603,HEXALOBULAR SOCKET SCREW W.WASHER,T9-38,9 LHS,35,15,,,,,,,,,,Verified,HAKAM,,
,732,4M0133615B,JOURNAL,T9-36,9 LHS,35,413,,,,,,,,,,Verified,HAKAM,,
,733,N  91228201,HEXALOBULAR SOCKET SCREW W.WASHER,T9-35,9 LHS,35,165,,,,,,,,,,Verified,HAKAM,,
,734,4M0121283EF,AIR DEFLECTOR,T9-40,9 LHS,35,14,,,,,,,,,,Verified,HAKAM,,
,735,4M0121284EF,AIR DEFLECTOR,T9-41,9 LHS,35,14,,,,,,,,,,Verified,HAKAM,,
,736,WHT007851,NUT,T9-43,9 LHS,35,2456,,,,,,,,,,Verified,HAKAM,,
,737,N  91269901,HEXAGON FLANGE BOLT,T9-45,9 LHS,35,200,,,,,,,,,,Verified,HAKAM,,
,738,4M0907650H,"BRACKET,ENGINE CONTROL",T9-7,9 LHS,35,5,,,,,,,,,,Verified,HAKAM,,
,739,N  90335004,CLAMPING WASHER,T9-6,9 LHS,35,525,,,,,,,,,,Verified,HAKAM,,
,740,N  10665001,12-POINT SOCKET FLANGE BOLT,T9-4,9 LHS,35,713,,,,,,,,,,Verified,HAKAM,,
,741,N  10684301,HEXAGON FLANGE BOLT,T9-3,9 LHS,35,92,,,,,,,,,,Verified,HAKAM,,
,742,4M0971871BJ,GROMMET,T9-9,9 LHS,35,37,,,,,,,,,,Verified,HAKAM,,
,743,4M0941823E,FUSE HOLDER,T9-10,9 LHS,35,19,,,,,,,,,,Verified,HAKAM,,
,744,4M0941828H,FUSE HOLDER,T9-11,9 LHS,35,13,,,,,,,,,,Verified,HAKAM,,
,745,N  10814001,HEXAGON FLANGE BOLT,T9-18,9 LHS,35,32,,,,,,,,,,Verified,HAKAM,,
,746,N  90974701,FLANGE SCREW FOR TP,T9-17,9 LHS,35,242,,,,,,,,,,Verified,HAKAM,,
,747,4M0121232E,BRACKET,T9-16,9 LHS,35,25,,,,,,,,,,Verified,HAKAM,,
,748,N  0150821,HEXAGON FLANGE NUT,T9-8,9 LHS,35,40,,,,,,,,,,Verified,HAKAM,,
,749,N  90761103,PREV.TORQUE TYPE HEX.NUT W.FLANGE,T9-14,9 LHS,35,1110,,,,,,,,,,Verified,HAKAM,,
,750,N  10609201,HEXAGON FLANGE NUT,T9-13,9 LHS,35,90,,,,,,,,,,Verified,HAKAM,,
,751,N  10666702,FLANGE SCREW FOR TP,T9-12,9 LHS,35,29,,,,,,,,,,Verified,HAKAM,,
,752,N  91097201,HEXALOBULAR SOCKET PAN HEAD SCREW,T9-20,9 LHS,35,96,,,,,,,,,,Verified,HAKAM,,
,753,4M0133615,JOURNAL,T9-23,9 LHS,35,8,122,,,,,,,,,Verified,HAKAM,,
,754,4G0121585A,GROMMET,T9-26,9 LHS,35,100,,,,,,,,,,Verified,HAKAM,,
,755,WHT003841,FILLISTER HEAD BOL T,T9-28,9 LHS,35,558,,,,,,,,,,Verified,HAKAM,,
,756,N  91173301,HEXAGON NUT W. WASHER,T9-57,9 RHS,36,549,,,,,,,,,,Verified,HAKAM,,
,757,8S0971847,CABLE CLAMP,T9-54,9 RHS,36,8,,,,,,,,,,Verified,HAKAM,,
,758,4M0809937A,HOSE,T9-53,9 RHS,36,18,,,,,,,,,,Verified,HAKAM,,
,759,N  90732103,FLANGE SCREW FOR TP,T9-52,9 RHS,36,113,,,,,,,,,,Verified,HAKAM,,
,760,8V0862159B,ACTUATOR,T9-51,9 RHS,36,25,,,,,,,,,,Verified,HAKAM,,
,761,N  10518405,TRIPLE SQUARE BOLT,T9-58,9 RHS,36,3,,,,,,,,,,Verified,HAKAM,,
,762,4M2823633D 9B9,MOUNTING BRACKET,T9-59,9 RHS,36,94,,,,,,,,,,Verified,HAKAM,,
,763,N  10471803,FLANGE SCREW FOR TP,T9-62,9 RHS,36,80,,,,,,,,,,Verified,HAKAM,,
,764,4M2823533E 4PK,OPERATING LEVER,T9-63,9 RHS,36,30,,,,,,,,,,Verified,HAKAM,,
,765,4M0868203  4PK,"TRIM PANEL,PILLAR A",T9-68,9 RHS,36,34,,,,,,,,,,Verified,HAKAM,,
,766,4M0868204  4PK,"TRIM PANEL,PILLAR A",T9-64,9 RHS,36,34,,,,,,,,,,Verified,HAKAM,,
,767,N  10554008,HEXALOBULAR SOCKET  PAN HEAD SCREW,T9-73,9 RHS,36,107,,,,,,,,,,Verified,HAKAM,,
,768,N  90910102,HEXALOBULAR SOCKET SCREW WITH FLANGE,T9-72,9 RHS,36,257,,,,,,,,,,Verified,HAKAM,,
,769,4H0823543,BOWDEN CABLE,T9-71,9 RHS,36,8,,,,,,,,,,Verified,HAKAM,,
,770,N  10797801,HEXAGON FLANGE BOLT,T9-70,9 RHS,36,276,,,,,,,,,,Verified,HAKAM,,
,771,4M8857085  4PK,COVER,T9-69,9 RHS,36,25,,,,,,,,,,Verified,HAKAM,,
,772,N  91151302,HEXALOBULAR SOCKET  SCREW W.WASHER,T9-74,9 RHS,36,50,,,,,,,,,,Verified,HAKAM,,
,773,4M0806583,COVER,T9-75,9 RHS,36,59,,,,,,,,,,Verified,HAKAM,,
,774,4M0806584,COVER,T9-76,9 RHS,36,59,,,,,,,,,,Verified,HAKAM,,
,775,N  91096701,HEXALOBULAR SOCKET PAN HEAD SCREW,T9-60,9 RHS,36,17,,,,,,,,,,Verified,HAKAM,,
,776,N  10485706,HEXALOBULAR SOCKET PAN HEAD SCREW,T9-79,9 RHS,36,17,89,,,,,,,,,Verified,HAKAM,,
,778,8D0971897A,CABLE CLIP,T10-1,10 LHS,36,208,,,,,,,,,,Verified,HAKAM,,
,779,N  10632102,HEXALOBULAR SOCKET  SCREW WITH FLANGE,T10-2,10 LHS,36,39,,,,,,,,,,Verified,HAKAM,,
,780,3D0971260,#N/A,#N/A,9 LHS,36,11,12,12,,,,,,,,Verified,HAKAM,,
,781,WHT002258,PREV.TORQUE HEX. CLAMP NUT W.WASHER,T9-78,9 RHS,36,1932,,,,,,,,,,Verified,HAKAM,,
,782,WHT005271,HEXALOBULAR SOCKET  SHOULDER BOLT,T9-47,9 LHS,36,254,,,,,,,,,,Verified,HAKAM,,
,783,8D0941802,INSTALLATION TOOL,T9-66,9 RHS,36,94,,,,,,,,,,Verified,HAKAM,,
,784,4M0821170B,COVER,T9-22,9 LHS,36,5,4,,,,,,,,,Verified,HAKAM,,4 pcs transit area
,785,4M0809906D,FUEL FILLER DOOR,T9-50,9 RHS,36,11,,,,,,,,,,Verified,HAKAM,,
,786,N  91196402,HEXAGON FLANGE BOL T,GT9-61,9 RHS,37,128,,,,,,,,,,Verified,HAKAM,,
,787,WHT007527,HEXAGON HEAD BOLT WITH WASHER,GT9-56,9 RHS,37,229,,,,,,,,,,Verified,HAKAM,,
,788,N  10609201,HEXAGON FLANGE NUT,GT9-20,9 LHS,37,229,,,,,,,,,,Verified,HAKAM,,
,789,N  01508210,HEXAGON FLANGE NUT,GT9-25,9 LHS,37,1202,,,,,,,,,,Verified,HAKAM,,
,790,5H0819425 9B9,PLUG,GT9-28,9 RHS,37,52,,,,,,,,,,Verified,HAKAM,,
,791,N90993603,HEXALOBULAR SOCKET SCREW W.WASHER,GT9-26,9 RHS,37,135,,,,,,,,,,Verified,HAKAM,,
,792,N  10785701,DUO HEXAGON FLANGE BOLT,GT9-21,9 LHS,37,850,,,,,,,,,,Verified,HAKAM,,
,793,N  91173301,HEXAGON NUT W. WASHER,GT9-13,9 LHS,37,3500,,,,,,,,,,Verified,HAKAM,,
,794,WHT003207,PLASTIC NUT,GT9-24,9 LHS,37,36,,,,,,,,,,Verified,HAKAM,,
,795,N  91141501,EXPANSION RIVET,GT9-50,9 RHS,37,901,,,,,,,,,,Verified,HAKAM,,
,796,8D0941802,INSTALLATION TOOL,GT9-11,9 LHS,37,194,,,,,,,,,,Verified,HAKAM,,
,797,WHT006944,HEXAGON SHOULDER BOLT,GT9-27,10 LHS,37,1870,4000,,,,,,,,,Verified,HAKAM,,
,798,WHT004694,EXPANSION NUT,GT9-23,9 LHS,37,3922,,,,,,,,,,Verified,HAKAM,,
,799,6Q0412359,"CAP,SUSPENSION STRUT MOUNTING",GT9-18,9 LHS,37,601,,,,,,,,,,Verified,HAKAM,,
,800,N  90974701,FLANGE SCREW FOR TP,GT9-22,9 LHS,37,1170,3500,,,,,,,,,Verified,HAKAM,,
,801,N  10675602,HEXAGON FLANGE BOL T,GT9-12,9 LHS,37,545,,,,,,,,,,Verified,HAKAM,,
,802,5WA915343B,BRACKET,GT9-01,9 LHS,37,36,,,,,,,,,,Verified,HAKAM,,
,803,5WA927165,END PLATE,GT9-10,9 RHS,37,292,,,,,,,,,,Verified,HAKAM,,
,804,5WA937132A,COVER,GT9-02,9 LHS,37,30,,,,,,,,,,Verified,HAKAM,,
,805,2Q0121321A,COVER,GT9-03,9 LHS,38,9,100,,,,,,,,,Verified,HAKAM,,
,806,5WA971538A,GROUND CABLE,GT9-04,9 LHS,38,12,110,,,,,,,,,Verified,HAKAM,,
,807,WHT007084,#N/A,#N/A,9 LHS,38,223,,,,,,,,,,Verified,HAKAM,,
,808,4D0803583B,PLUG,GT9-19,9 LHS,38,940,,,,,,,,,,Verified,HAKAM,,
,809,4H0823543,BOWDEN CABLE,GT9-05,9 LHS,38,18,,,,,,,,,,Verified,HAKAM,,
,810,5Q0803219C,BATTERY HOLD DOWN,GT9-07,9 LHS,38,52,,,,,,,,,,Verified,HAKAM,,
,811,5WA915313B,RETAINER,GT9-09,9 LHS,38,175,,,,,,,,,,Verified,HAKAM,,
,812,5WA915345B,BRACKET,GT9-32,9 LHS,38,4,20,,,,,,,,,Verified,HAKAM,,
,813,5WA133366A,PURGE LINE,GT9-31,9 LHS,38,38,,,,,,,,,,Verified,HAKAM,,
,814,5WA133987F,FUEL LINE,GT9-36,9 LHS,38,74,,,,,,,,,,Verified,HAKAM,,
,815,5H0806929B,CARRIER,GT9-51,9 RHS,38,12,4,,,,,,,,,Verified,HAKAM,,
,816,5H0806930B,CARRIER,GT9-52,9 RHS,38,13,,,,,,,,,,Verified,HAKAM,,
,817,5H0823363,HOOD PROP,GT9-37,9 RHS,38,25,,,,,,,,,,Verified,HAKAM,,
,818,4M0121284EF,AIR DEFLECTOR,T9-41,9 LHS,39,0,,,,,,,,,,Counted,,,
,819,5H0853679ABFOD,EMBLEM,GT10-73,10 RHS,39,59,,,,,,,,,,Verified,SHAQILA,,
,820,N  10009207,HEXAGON HEAD BOLT WITH WASHER,GT10-79,10 RHS,39,51,,,,,,,,,,Verified,SHAQILA,,
,821,5H0853679S KRR,EMBLEM,GT10-51,10 RHS,39,3,100,,,,,,,,,Verified,SHAQILA,,
,822,WHT004694,EXPANSION NUT,GT10-22,10 LHS,39,4566,,,,,,,,,,Verified,SHAQILA,,
,823,8E0825267,EXPANSION RIVET,GT10-25,10 LHS,39,198,,,,,,,,,,Verified,SHAQILA,,
,824,N  10664801,12-POINT SOCKET FLANGE BOLT,GT10-16,10 LHS,39,222,,,,,,,,,,Verified,SHAQILA,,
,825,WHT006944,HEXAGON SHOULDER BOLT,GT10-27,10 LHS,39,37,,,,,,,,,,Verified,SHAQILA,,
,826,191611715,HOSE BRACKET,GT10-17,10 LHS,39,502,,,,,,,,,,Verified,SHAQILA,,
,827,N  10347103,HEXALOBULAR SOCKET SCREW W.WASHER,GT10-42,10 RHS,39,437,958,,,,,,,,,Verified,SHAQILA,,
,828,WHT001814,WHEEL LOCK BOLT,GT10-04,10 RHS,39,25,,,,,,,,,,Verified,SHAQILA,,
,829,WHT001812,WHEEL BOLT,GT10-26,10 RHS,39,129,230,,,,,,,,,Verified,SHAQILA,,
,830,N  90536901,EXPANSION RIVET,GT10-59,10 LHS,39,2060,,,,,1789,,,,,Verified,SHAQILA,,
,831,WHT008023,EXPANSION RIVET,GT10-65,10 LHS,39,797,1273,,,,,,,,,Verified,SHAQILA,,
,832,5H0853679AAFOD,EMBLEM,GT10-62,10 RHS,39,54,,,,,,,,,,Verified,SHAQILA,,
,833,5WA825267A,EXPANDING CLIP,GT10-53,10 LHS,39,63,,,,,,,,,,Verified,SHAQILA,,
,834,WHT000729A,HEXALOBULAR SOCKET  SCREW W.WASHER,GT10-66,10 RHS,39,543,,,,,,,,,,Verified,SHAQILA,,
,835,5H0951206J,HORN WITH BRACKET,GT10-74,10 RHS,39,16,,,,,,,,,,Verified,SHAQILA,,
,836,5Q0955449CB,WASHER FLUID RESERVOIR,GT10-77,10 RHS,39,3,6,,,,,,,,,Verified,SHAQILA,,
,837,5Q0955449CA,WASHER FLUID RESERVOIR,GT10-78,10 RHS,39,3,,,,,,,,,,Verified,SHAQILA,,
,838,N  10412804,PAN HEAD SCREW W. WASHER FOR TP,GT10-18,10 RHS,39,858,,,,,,,,,,Verified,SHAQILA,,
,839,WHT005263,EXPANSION RIVET,GT10-21,10 LHS,39,649,,,,,,,,,,Verified,SHAQILA,,
,840,WHT009007,EXPANSION RIVET,GT10-08,10 LHS,39,275,,,,,,,,,,Verified,SHAQILA,,
,841,WHT003207,PLASTIC NUT,GT10-23,10 LHS,39,150,1400,,,,,,,,,Verified,SHAQILA,,
,842,N  91079901,DUO HEXAGON FLANGE BOLT,GT10-19,10 LHS,39,691,,,,,,,,,,Verified,SHAQILA,,
,843,N  90974701,FLANGE SCREW FOR TP,GT10-20,10 LHS,39,787,,,,,,,,,,Verified,SHAQILA,,
,844,5H0951206G,HORN WITH BRACKET,GT10-31,10 RHS,39,6,,,,,,,,,,Verified,SHAQILA,,
,845,5H6807126A,BRACKET,GT10-03,10 LHS,39,32,,,,,,,,,,Verified,SHAQILA,,
,846,N  10621301,EXPANSION NUT,GT10-24,10 LHS,39,5420,3800,,,,,,,,,Verified,SHAQILA,,
,847,5H0951206H,HORN WITH BRACKET,GT10-02,10 LHS,39,21,,,,,,,,,,Verified,SHAQILA,,
,848,5H0854857A,CD-ENHANCING SILL COVER,GT10-06,10 LHS,39,26,,,,,,,,,,Verified,SHAQILA,,
,849,5H0854858A,CD-ENHANCING SILL COVER,GT10-07,10 LHS,39,26,,,,,,,,,,Verified,SHAQILA,,
,850,5WA407118,LINING,GT10-33,10 RHS,39,32,,,,,,,,,,Verified,SHAQILA,,
,851,5Q0201449AL,CLAMP,GT10-32,10 RHS,39,192,,,,,,,,,,Verified,SHAQILA,,
,852,5WA407117,LINING,GT10-01,10 LHS,39,23,,,,,,,,,,Verified,SHAQILA,,
,853,5WK962131D,ANTENNA,GT10-28,10 RHS,39,82,,,,,,,,,,Verified,SHAQILA,,
,854,5G0010029J,AIRBAG,T12-11,12 LHS,40,22,70,14,,,,,,,,Verified,SHAQILA,,
,855,5Q0611349B,SCREW CAP,T12-10,12 LHS,40,4,,,,,,,,,,Verified,SHAQILA,,
,857,N  90887703,PREV.TORQUE TYPE HEX.NUT W.FLANGE,T10-62,10 RHS,40,9,,,,,,,,,,Verified,SHAQILA,,
,858,N  10518405,TRIPLE SQUARE BOLT,T10-60,10 RHS,40,319,,,,,,,,,,Verified,SHAQILA,,
,859,4M0821990A,BRACKET,T10-59,10 RHS,40,24,,,,,,,,,,Verified,SHAQILA,,
,860,4M0823661D,OPERATING DEVICE,T10-58,10 RHS,40,143,,,,,,,,,,Verified,SHAQILA,,
,861,WHT004750,EXPANSION RIVET,T10-57,10 RHS,40,236,,,,,,,,,,Verified,SHAQILA,,
,862,N  10473203,HEXALOBULAR SOCKET  SCREW W.WASHER,T10-55,10 RHS,40,12,,,,,,,,,,Verified,SHAQILA,,
,863,8K0501329,CLIP,T10-65,10 RHS,40,673,,,,,,,,,,Verified,SHAQILA,,
,864,N  90584102,FIXING PLUG,T10-72,10 RHS,40,48,,,,,,,,,,Verified,SHAQILA,,
,865,WHT008489,PLASTIC NUT,T10-21,10 LHS,40,247,,,,,,,,,,Verified,SHAQILA,,
,866,4M0853888C,SPOILER,T10-68,10 RHS,40,11,,,,,,,,,,Verified,SHAQILA,,
,867,4M0807548D 9B9,SPOILER,T10-69,10 RHS,40,59,,,,,,,,,,Verified,SHAQILA,,
,868,4M0616105F,SHIELD,T10-61,10 RHS,40,0,,,,,0,,,,,Verified,Nisha,,Data 0
,869,4M0854969A,WHEEL TRIM,T10-38,10 LHS,40,35,36,,,,,,,,,Verified,SHAQILA,,
,870,4M0854970A,WHEEL TRIM,T10-74,10 RHS,40,35,36,,,,,,,,,Verified,SHAQILA,,
,871,4M0853887C,SPOILER,T10-30,10 LHS,40,11,,,,,,,,,,Verified,SHAQILA,,
,872,4M0201215AB,FUEL SUPPLY LINE,T9-31,9 LHS,41,0,,,,,,,,,,Counted,,,
,873,WHT003207,PLASTIC NUT,T10-33,10 LHS,41,0,,,,,,,,,,Counted,,,
,874,N  0385494,EXPANSION RIVET,T10-35,10 LHS,41,1030,,,,,,,,,,Verified,SHAQILA,,
,875,191853586C,GROMMET,T10-36,10 LHS,41,2120,,,,,,,,,,Verified,SHAQILA,,
,876,4M0853582,U-CLAMP,T10-39,10 LHS,41,75,531,,,,,,,,,Verified,SHAQILA,,
,877,N91242501,"CLIP-ON NUT, PREV. TORQUE TYPE",T10-46,10 LHS,41,35,,,,,,,,,,Verified,SHAQILA,,
,878,4M0854989A,WHEEL TRIM,T10-49,10 LHS,41,50,,,,,,,,,,Verified,SHAQILA,,
,879,4M0807547D 9B9,SPOILER,T10-31,10 LHS,41,59,,,,,,,,,,Verified,SHAQILA,,
,880,4M0854815F,SPOILER,T10-40,10 LHS,41,11,,,,,,,,,,Verified,SHAQILA,,
,881,4M0854816F,SPOILER,T10-41,10 LHS,41,5,,,,,,,,,,Verified,SHAQILA,,
,882,8K0611715,RETAINING SPRING,T10-3,10 LHS,41,217,,,,,,,,,,Verified,SHAQILA,,
,883,N  10576702,HEXAGON HEAD BOLT WITH WASHER,T10-4,10 LHS,41,123,,,,,,,,,,Verified,SHAQILA,,
,884,WHT003954,DUO HEXALOBULAR SOCKET BOLT,T10-6,10 LHS,41,661,,,,,,,,,,Verified,SHAQILA,,
,885,4M0821989A,BRACKET,T10-7,10 LHS,41,34,,,,,,,,,,Verified,SHAQILA,,
,886,N  91188801,12-POINT SOCKET BOLT WITH WASHER,T10-8,10 LHS,41,70,,,,,,,,,,Verified,SHAQILA,,
,887,N  10433701,CLIP-ON NUT,T10-9,10 LHS,41,116,,,,,,,,,,Verified,SHAQILA,,
,888,N  90821401,EXPANSION NUT,T10-10,10 LHS,41,459,,,,,,,,,,Verified,SHAQILA,,
,889,WHT005453,EXPANSION NUT,T10-11,10 LHS,41,3333,,,,,,,,,,Verified,SHAQILA,,
,890,N  90974701,FLANGE SCREW FOR TP,T10-13,10 LHS,41,2656,,,,,,,,,,Verified,SHAQILA,,
,891,N  90495301,HEX.NUT,T10-14,10 LHS,41,188,,,,,,,,,,Verified,SHAQILA,,
,892,4M0825343B,BRACKET,T10-15,10 LHS,41,90,,,,,,,,,,Verified,SHAQILA,,
,893,N  01508210,HEXAGON FLANGE NUT,T10-16,10 LHS,41,198,,,,,,,,,,Verified,SHAQILA,,
,894,4M0825513,BRACKET,T10-18,10 LHS,41,41,,,,,,,,,,Verified,SHAQILA,,
,895,4M0899183,PLUG,T10-19,10 LHS,41,9,500,,,,,,,,,Verified,SHAQILA,,
,896,8R0601295,FASTENER,T10-76,10 RHS,41,9,125,,,,,,,,,Verified,SHAQILA,,125 pcs transit area
,897,1K0825951,HEXALOBULAR SOCKET  SCREW W.WASHER,T10-22,10 LHS,41,108,,,,,,,,,,Verified,SHAQILA,,
,898,8K0863788,EXPANSION RIVET,T10-24,10 LHS,41,59,,,,,,,,,,Verified,SHAQILA,,
,899,WHT008613,FLANGE TAPPING SCR EW,T10-25,10 LHS,41,212,,,,,,,,,,Verified,SHAQILA,,
,900,8K0805399A,RETAINING PART,T10-26,10 LHS,41,18,89,,,,,,,,,Verified,SHAQILA,,
,901,N  90684704,HEXALOBULAR SOCKET SCREW W.WASHER,T10-28,10 LHS,41,85,,,,,,,,,,Verified,SHAQILA,,
,902,WHT007698,SELF-TAPPING SCREW,T10-29,10 LHS,41,405,1018,,,,,,,,,Verified,SHAQILA,,
,903,4M0810171J,"WHEEL HOUSING LINER,REAR",T10-43,10 LHS,42,0,,,,,,,,,,Counted,,,
,904,4M0807081B 9B9,"COVER,BUMPER",T10-56,10 RHS,42,0,,,,,,,,,,Counted,,,
,905,4M0825211J,CD-ENHANCING UNDERBODY PANEL,T10-12,10 LHS,42,104,,,,,,,,,,Verified,SHAQILA,,
,906,4M0825235BA,SHIELD,T10-27,10 LHS,42,4,,,,,,,,,,Verified,SHAQILA,,
,907,4M0825212H,CD-ENHANCING UNDERBODY PANEL,T10-63,10 RHS,42,140,,,,,,,,,,Verified,SHAQILA,,
,908,4M0821172AG,WHEEL HOUSING LINER,T10-70,10 RHS,42,4,,,,,,,,,,Verified,SHAQILA,,
,909,4M0821171AP,WHEEL HOUSING LINER,T10-32,10 LHS,42,4,,,,,,,,,,Verified,SHAQILA,,
,910,4M0804033G,AIR DEFLECTOR,T10-45,10 LHS,42,4,,,,,,,,,,Verified,SHAQILA,,
,911,4M0825236AK,SHIELD,T10-47,10 LHS,42,4,,,,,,,,,,Verified,SHAQILA,,
,912,4M0825206P,CD-ENHANCING UNDERBODY PANEL,T10-67,10 RHS,42,4,,,,,,,,,,Verified,SHAQILA,,
,913,4M0810172L,"WHEEL HOUSING LINER,REAR",T10-44,10 LHS,42,4,,,,,,,,,,Verified,SHAQILA,,
,914,4M0825285R,SHIELD,T10-23,10 LHS,42,4,,,,,,,,,,Verified,SHAQILA,,
,915,4M0821191G,WHEEL HOUSING LINER 2,T10-34,10 LHS,42,0,,,,,,,,,,Counted,,,
,916,4M0821192H,WHEEL HOUSING LINER 2,T10-71,10 RHS,42,0,,,,,,,,,,Counted,,,
,917,4M0825205AA,CD-ENHANCING UNDERBODY PANEL,T10-20,10 LHS,42,4,,,,,,,,,,Verified,SHAQILA,,
,919,4M0883426N 22A,PADDING INSERT,T13-27,13 LHS,43,4,,,,,4,,,,,Verified,MEGAT,,
,920,4M0883425N 22A,PADDING INSERT,T13-26,13 LHS,43,10,,,,,10,,,,,Verified,MEGAT,,
,921,4M0883685E 4PK,TRIM,T13-23,13 LHS,43,11,8,,,,11,8,,,,Verified,MEGAT,,
,922,N  91236001,12-POINT SOCKET FL ANGE BOLT,T13-30,13 LHS,43,136,,,,,136,,,,,Verified,MEGAT,,
,923,4M0881345  4PK,COVER,T13-33,13 LHS,43,174,,,,,174,,,,,Verified,MEGAT,,
,924,4M0881097  4PK,COVER,T13-35,13 LHS,43,30,,,,,,,,,,Counted,,,
,925,4M0805778B,COVER,T13-36,13 LHS,43,16,,,,,,,,,,Counted,,,
,926,N  91167601,DUO HEXAGON FLANGE  BOLT,T13-39,13 LHS,43,189,,,,,189,,,,,Verified,MEGAT,,
,927,4M0883609,DETENT,T13-38,13 LHS,43,27,,,,,27,,,,,Verified,MEGAT,,
,928,WHT005348,HEXAL. SOCK. SHEET  MET.SCREW W. WASH,T13-37,13 LHS,43,20,,,,,,,,,,Counted,,,
,929,4M0971981,COVER,T13-29,13 LHS,43,52,,,,,,,,,,Counted,,,
,930,4M0883609A,DETENT,T13-40,13 LHS,43,7,,,,,7,,,,,Verified,MEGAT,,
,931,4M0883610,DETENT,T13-41,13 LHS,43,7,,,,,,,,,,Counted,,,
,932,4M0864714A,FOAM PART,T13-43,13 LHS,43,796,,,,,796,,,,,Verified,MEGAT,,
,933,4M0907247A,ANTENNA,T13-7,13 LHS,43,89,,,,,89,,,,,Verified,MEGAT,,
,934,4D0807300,EXPANSION RIVET,T13-6,13 LHS,43,53,,,,,53,,,,,Verified,MEGAT,,
,935,N  91133501,HEXAGON HEAD BOLT WITH WASHER,T13-5,13 LHS,43,22,156,,,,22,156,,,,Verified,MEGAT,,
,936,N  90798805,HEXAGON FLANGE NUT,T13-4,13 LHS,43,36,1700,,,,36,1700,,,,Verified,MEGAT,,
,937,N  10671701,HEXAGON HEAD BOLT WITH WASHER,T13-3,13 LHS,43,6,39,,,,6,39,,,,Verified,MEGAT,,
,938,N  90698606,FLANGE TAPPING SCR EW,T13-11,13 LHS,43,843,,,,,843,,,,,Verified,MEGAT,,
,939,N  90969901,HEXALOBULAR SOCKET SCREW WITH FLANGE,T13-12,13 LHS,43,210,,,,,210,,,,,Verified,MEGAT,,
,940,4K2713140E IBR,GEARSHIFT LEVER HANDLE,T13-13,13 LHS,43,24,,,,,24,,,,,Verified,MEGAT,,
,941,4K2713139D 1KT,GEARSHIFT LEVER HANDLE,T13-14,13 LHS,43,4,,,,,4,,,,,Verified,MEGAT,,
,942,N  91205201,12-POINT SOCKET FLANGE BOLT,T13-19,13 LHS,43,64,,,,,,,,,,Counted,,,
,943,WHT005338,HEXALOBULAR SOCKET  SCREW WITH FLANGE,T13-17,13 LHS,43,55,,,,,55,,,,,Verified,MEGAT,,
,944,N  91219101,TRIPLE SQUARE PAN HEAD BOLT,T13-16,13 LHS,43,177,,,,,,,,,,Counted,,,
,945,4M8815217,AIR DEFLECTOR,T13-15,13 LHS,43,11,,,,,11,,,,,Verified,MEGAT,,
,946,4M0883687A 4PK,TRIM,T13-20,13 LHS,43,19,,,,,19,,,,,Verified,MEGAT,,
,947,4M0883689A 4PK,TRIM,T13-21,13 LHS,43,1,10,,,,1,10,,,,Verified,MEGAT,,
,948,4M0883689C 4PK,TRIM,T13-22,13 LHS,43,41,,,,,41,,,,,Verified,MEGAT,,
,950,N  90874703,TRIPLE SQUARE OVAL HEAD BOLT,T13-75,13 RHS,44,61,,,,,61,,,,,Verified,MEGAT,,
,951,4M0959511E 5PR,SWITCH,T13-81,13 RHS,44,33,,,,,33,,,,,Verified,MEGAT,,
,952,N  91173301,HEXAGON NUT W. WASHER,T13-71,13 RHS,44,35,,,,,35,,,,,Verified,MEGAT,,
,953,N  10473402,FLANGE SCREW FOR TP,T13-70,13 RHS,44,84,,,,,84,,,,,Verified,MEGAT,,
,954,4M0919309,OUTLET,T13-77,13 RHS,44,17,,,,,17,,,,,Verified,MEGAT,,
,955,1K0919341M 9B9,SPRING PIN,T13-78,13 RHS,44,180,,,,,180,,,,,Verified,MEGAT,,
,956,4M0947169  4PK,LIGHTING,T13-79,13 RHS,44,24,,,,,24,,,,,Verified,MEGAT,,
,957,4M0863365A 4PK,TRIM,T13-80,13 RHS,44,6,,,,,6,,,,,Verified,MEGAT,,
,958,4M0947170  4PK,LIGHTING,T13-87,13 RHS,44,24,,,,,24,,,,,Verified,MEGAT,,
,959,1K0867388,PLUG CLAMP,T13-85,13 RHS,44,12,78,,,,12,78,,,,Verified,MEGAT,,
,960,4M0864123  4PK,COVER TRIM,T13-84,13 RHS,44,24,,,,,24,,,,,Verified,MEGAT,,
,961,N  90910102,HEXALOBULAR SOCKET SCREW WITH FLANGE,T13-83,13 RHS,44,20,,,,,44,,,,,Verified,MEGAT,,
,962,4M0864203B 4PK,ANCHOR EYE,T13-74,13 RHS,44,38,,,,,38,,,,,Verified,MEGAT,,
,963,N  10794401,HEXAGON FLANGE BOL T,T13-89,13 RHS,44,39,,,,,39,,,,,Verified,MEGAT,,
,964,4M0907373A,SUPPORT,T13-93,13 RHS,44,19,,,,,19,,,,,Verified,MEGAT,,
,965,N  91266401,DUO HEXAGON FLANGE BOLT,T13-95,13 RHS,44,86,,,,,86,,,,,Verified,MEGAT,,
,966,4M0881098  4PK,COVER,T13-98,13 RHS,44,14,,,,,14,,,,,Verified,MEGAT,,
,967,N  90799102,TRIPLE SQUARE BOLT,T13-100,13 RHS,44,271,,,,,,,,,,Verified,MEGAT,,
,968,4M8863279A 4PK,COVER,T13-61,13 LHS,44,25,,,,,25,,,,,Verified,MEGAT,,
,969,4M0907324A,BRACKET,T13-69,13 RHS,44,1,14,,,,1,14,,,,Verified,MEGAT,,
,970,4M0883690C 4PK,TRIM,T13-65,13 LHS,45,31,,,,,31,,,,,Verified,MEGAT,,
,971,4M0883686E 4PK,TRIM,T13-66,13 LHS,45,10,,,,,10,,,,,Verified,MEGAT,,
,972,4M0881347A4PK,COVER,T13-31,13 LHS,45,6,120,,,,,,,,,Counted,,,
,973,4M0881348A4PK,COVER,T13-32,13 LHS,45,14,6,120,120,,14,6,120,120,,Verified,MEGAT,,
,974,4M08871874PK,COVER,T13-92,13 RHS,45,30,,,,,30,,,,,Verified,MEGAT,,
,975,4M0881345A4PK,COVER,T13-34,13 LHS,45,20,300,30,,,20,,,,,Verified,MEGAT,,
,976,4M0867255A4PK,SWITCH TRIM,T13-49,13 LHS,45,81,,,,,81,,,,,Verified,MEGAT,,
,977,4M0887233E4PK,"GUIDE,ISOFIX",T13-91,13 RHS,45,88,,,,,88,,,,,Verified,MEGAT,,
,978,4M0959861B,OPERATING DEVICE,T13-82,13 RHS,45,84,,,,,84,,,,,Verified,MEGAT,,
,979,4M0883690B 4PK,TRIM,T13-46,13 LHS,45,18,,,,,18,,,,,Verified,MEGAT,,
,980,4M0883689B 4PK,TRIM,T13-45,13 LHS,45,6,9,,,,6,9,,,,Verified,MEGAT,,
,981,4M0883690A 4PK,TRIM,T13-64,13 LHS,45,11,12,,,,11,,,,,Verified,MEGAT,,12 pcs transit area
,982,N  98926102,TRIPLE SQUARE BOLT,T13-47,13 LHS,45,62,,,,,62,,,,,Verified,MEGAT,,
,983,N  90834301,"CLIP-ON NUT, PREV.  TORQUE TYPE",T13-54,13 LHS,45,143,,,,,143,,,,,Verified,MEGAT,,
,984,4M0035454B,LOUDSPEAKER,T13-55,13 LHS,45,33,,,,,33,,,,,Verified,MEGAT,,
,985,N  10633202,FLANGE TAPPING SCR EW,T13-56,13 LHS,45,27,,,,,27,,,,,Verified,MEGAT,,
,986,N  10671702,HEXAGON HEAD BOLT WITH WASHER,T13-60,13 LHS,45,1072,,,,,1072,,,,,Verified,MEGAT,,
,987,4E0947415,ENTRY LIGHT,T13-58,13 LHS,45,38,,,,,38,,,,,Verified,MEGAT,,
,988,5Q0919279,"LOUDSPEAKER,PARK DISTANCE CONTROL",T13-57,13 LHS,45,100,,,,,100,,,,,Verified,MEGAT,,
,989,4M0883688A 4PK,TRIM,T13-63,13 LHS,45,15,7,,,,15,7,,,,Verified,MEGAT,,
,990,4M0883687B 4PK,TRIM,T13-44,13 LHS,45,65,,,,,65,,,,,Verified,MEGAT,,
,991,5H0419659L TCB,DECORATIVE TRIM,GT13-68,13 RHS,46,76,,,,,76,,,,,Verified,MEGAT,,
,992,5H0419659KUXQ,DECORATIVE TRIM,GT13-65,13 RHS,46,6,,,,,6,,,,,Verified,MEGAT,,
,993,3G8947409,LIGHT,GT13-38,13 RHS,46,12,315,,,,12,315,,,,Verified,MEGAT,,
,994,N  90799102,TRIPLE SQUARE BOLT,GT13-33,13 RHS,46,275,53,,,,275,53,,,,Verified,MEGAT,,
,995,N  10726401,CLAMPING WASHER,GT13-39,13 RHS,46,563,,,,,563,,,,,Verified,MEGAT,,
,996,191867199 9B9,PLUG,GT13-60,13 RHS,46,1593,,,,,1593,,,,,Verified,MEGAT,,
,997,5G0867334,MOUNTING BUSH,GT13-14,13 LHS,46,451,,,,,,,,,,Counted,,,
,998,5G0886373,MOUNTING GROMMET,GT13-15,13 LHS,46,40,,,,,40,,,,,Verified,MEGAT,,
,999,N  90335004,CLAMPING WASHER,GT13-12,13 LHS,46,528,,,,,528,,,,,Verified,MEGAT,,
,1000,N  90969901,HEXALOBULAR SOCKET SCREW WITH FLANGE,GT13-47,13 RHS,46,1168,,,,,1168,,,,,Verified,MEGAT,,
,1001,N  90974701,FLANGE SCREW FOR TP,GT13-45,13 RHS,46,3187,,,,,3187,,,,,Verified,MEGAT,,
,1002,N  91255001,FLANGE TAPPING SCREW,GT13-40,13 RHS,46,1256,,,,,1256,,,,,Verified,MEGAT,,
,1003,N90698606,FLANGE TAPPING SCR EW,GT13-22,13 RHS,46,2012,,,,,2012,,,,,Verified,MEGAT,,
,1004,N  91205201,12-POINT SOCKET FLANGE BOLT,GT13-20,13 LHS,46,432,,,,,432,,,,,Verified,MEGAT,,
,1005,5Q0906093E,"CONTROL UNIT, FUEL PUMP",GT13-03,13 RHS,46,52,,,,,52,,,,,Verified,MEGAT,,
,1006,5H0419659F WUZ,DECORATIVE TRIM,GT13-56,13 RHS,46,58,,,,,58,,,,,Verified,MEGAT,,
,1007,1K0919309,OUTLET,GT13-37,13 RHS,46,164,,,,,164,,,,,Verified,MEGAT,,
,1008,5H0863503B,ANCHOR EYE,GT13-42,13 RHS,46,190,,,,,190,,,,,Verified,MEGAT,,
,1009,8Y0857739M MNB,SEAT BELT BUCKLE,GT13-29,13 LHS,46,29,,,,,29,,,,,Verified,MEGAT,,
,1010,2Q0919341  9B9,MOUNTING,GT13-61,13 RHS,46,243,,,,,243,,,,,Verified,MEGAT,,
,1011,5Q0803961D,FUEL LEVEL SENSOR COVER,GT13-07,13 LHS,46,71,,,,,71,,,,,Verified,MEGAT,,
,1012,5Q2864778A 9B9,COVER,GT13-57,13 RHS,46,20,12,,,,20,12,,,,Verified,MEGAT,,
,1013,4M0867768G 4PK,"TRIM,WHEEL HOUSING REAR",T13-50,13 LHS,47,5,,,,,,,,,,Verified,AZWAN,,
,1014,4M0853370D 4PK,SCUFF PLATE,T13-52,13 LHS,47,5,,,,,,,,,,Verified,AZWAN,,
,1015,8Y0035465A,AMPLIFIER,T13-68,13 RHS,47,5,,,,,,,,,,Verified,AZWAN,,
,1016,4M8419091ACQQT,STEERING WHEEL,T13-99,13 RHS,47,5,,,,,,,,,,Verified,AZWAN,,
,1018,4M0880201AE6PS,AIRBAG UNIT,T13-101,13 RHS,47,5,,,,,,,,,,Verified,AZWAN,,
,1019,4M0863869A,TUNNEL DAMPING,T13-1,13 LHS,47,5,,,,,,,,,,Verified,AZWAN,,
,1020,4M0863528K 4PK,SUPPORT,T13-73,13 RHS,47,5,,,,,,,,,,Verified,AZWAN,,
,1021,4M0863527K 4PK,SUPPORT,T13-72,13 RHS,47,5,,,,,,,,,,Verified,AZWAN,,
,1022,3D0907543A,TEMPERATURE SENSOR,GT13-02,13 LHS,48,312,,,,,312,,,,,Verified,MEGAT,,
,1023,5H0864220D,GEAR SHIFT DAMPER,GT13-28,13 LHS,48,51,5,,,,51,5,,,,Verified,MEGAT,,
,1024,6Q0867333,CLIP,GT13-16,13 LHS,48,787,,,,,787,,,,,Verified,MEGAT,,
,1025,N  91189303,HEXAGON FLANGE NUT,GT13-21,13 LHS,48,457,,,,,457,,,,,Verified,MEGAT,,
,1026,N  91158501,EXPANSION RIVET,GT13-13,13 LHS,48,22,,,,,22,,,,,Verified,MEGAT,,
,1027,N  10751101,HEXALOBULAR SOCKET SCREW WITH FLANGE,GT13-11,13 LHS,48,1079,,,,,1079,,,,,Verified,MEGAT,,
,1028,N  98923403,HEXAGON FLANGE NUT,GT13-19,13 LHS,48,88,,,,,88,,,,,Verified,MEGAT,,
,1029,N  91079901,DUO HEXAGON FLANGE BOLT,GT10-19,13 LHS,48,1374,,,,,1374,,,,,Verified,MEGAT,,
,1030,5Q0886193,CLAMP,GT13-01,13 LHS,48,51,,,,,51,,,,,Verified,MEGAT,,
,1031,N  91212801,CLIP-ON NUT,GT13-18,13 LHS,48,881,,,,,881,,,,,Verified,MEGAT,,
,1033,5H0863359  4PK,COVER,GT13-32,13 LHS,48,604,,,,,604,,,,,Verified,MEGAT,,
,1034,5H0861513,BRACKET,GT13-04,13 LHS,48,23,,,,,23,,,,,Verified,MEGAT,,
,1035,5H0863233D,BRACKET,GT13-05,13 LHS,48,5,14,,,,5,14,,,,Verified,MEGAT,,
,1036,5H0864256,AIR DUCT,GT13-06,13 LHS,48,6,50,,,,6,50,,,,Verified,MEGAT,,
,1041,N  91079901,DUO HEXAGON FLANGE BOLT,GT13-43,13 LHS,48,1374,,,,,1374,,,,,Verified,MEGAT,,
,1053,4M0861961,FASTENER,T14-36,14 RHS,49,40,,,,,,,,,,Verified,MONA,,
,1054,4M0861833  4PK,HOOK EYE,T14-38,14 RHS,49,42,,,,,,,,,,Verified,MONA,,
,1055,N  10712001,FILLISTER HEAD SEL F-TAPPING SCREW,T14-39,14 RHS,49,32,,,,,,,,,,Verified,MONA,,
,1056,4M0861336  4PK,COVER,T14-40,14 RHS,49,16,,,,,,,,,,Counted,,,
,1057,4E0947415,ENTRY LIGHT,T14-42,14 RHS,49,4,41,,,,,,,,,Verified,MONA,,
,1058,4G0959831D 5PR,#N/A,#N/A,14 RHS,49,61,,,,,,,,,,Verified,MONA,,
,1059,4G0867749,RETAINING STRAP,T14-48,14 RHS,49,2,100,,,,,,,,,Verified,MONA,,
,1060,N  91173301,HEXAGON NUT W. WASHER,T14-47,14 RHS,49,2,,,,,,,,,,Verified,MONA,,
,1061,N  01152527,WASHER,T14-45,14 RHS,49,8,,,,,,,,,,Verified,MONA,,
,1062,4M8010009A,VEHICLE DATA LABEL,T14-60,14 LHS,49,830,,,,,,,,,,Counted,,,Unable to counted due.. balance cw32: 838
,1064,N  90286604,BLIND RIVET,T14-49,14 RHS,49,11,,,,,,,,,,Counted,,,
,1065,4M0854871A 5FQ,SPOILER,T14-53,14 RHS,49,25,,,,,,,,,,Verified,MONA,,
,1066,4M0854872A 5FQ,SPOILER,T14-54,14 RHS,49,26,,,,,,,,,,Verified,MONA,,
,1067,4N0955235,CAP,T15-10,15 LHS,49,422,,,,,,,,,,Verified,MONA,,
,1068,4M08537405FQ,TYPE SIGN,T01-51,14 RHS,49,13,,,,,,,,,,Verified,MONA,,
,1069,4M0010515AA,AIR CONDITIONING SYSTEM,T14-28,14 RHS,49,56,,,,,,,,,,Verified,MONA,,
,1070,8K0010520G,FAN,T14-29,14 RHS,49,47,,,,,,,,,,Verified,MONA,,
,1071,3G0827645A,COVER,T14-32,14 RHS,49,1,30,,,,,,,,,Verified,MONA,,
,1072,N  10261307,HEXAGON FLANGE NUT,T14-57,14 RHS,49,20,,,,,20,,,,,Verified,MEGAT,,
,1073,8T0837947,COVER,T14-58,14 RHS,49,325,,,,,,,,,,Verified,MONA,,
,1074,4M0827279  9B9,COVER,T4-64,4 RHS,49,49,,,,,,,,,,Verified,MONA,,
,1075,4M0827280  9B9,COVER,T4-65,4 RHS,49,49,,,,,,,,,,Verified,MONA,,
,1076,8W0860282F,FIRST AID KIT,T15-7,14 RHS,49,2,20,,,,,,,,,Verified,MONA,,
,1077,4M0012021BR,TOOL KIT,T14-50,14 RHS,50,1,,,,,,,,,,Verified,BEE,,
,1078,4M0012021BG,TOOL KIT,T14-51,14 RHS,50,0,,,,,,,,,,Counted,,,
,1079,4M0867974  4PK,LINING,T14-41,14 RHS,50,1,,,,,,,,,,Verified,BEE,,
,1080,4M0867607F 4PK,"LINING,TRUNK LID",T14-34,14 RHS,50,2,,,,,,,,,,Verified,BEE,,
,1081,4M0864483P 4PK,"LINING, REAR END",T15-12,15 RHS,51,5,,,,,,,,,,Verified,AZWAN,,
,1082,4M0133849T,"COVER,AIR CLEANER",T14-31,14 RHS,51,5,,,,,,,,,,Verified,AZWAN,,
,1083,4N0907217A,CAMERA,T14-1,14 LHS,52,15,3,,,,,,,,,Verified,BEE,,
,1084,4N0035500,ANTENNA,T14-2,14 LHS,52,31,,,,,,,,,,Verified,BEE,,
,1085,81A955555B,RAIN SENSOR,T14-3,14 LHS,52,21,,,,,,,,,,Verified,BEE,,
,1086,4M0857519A 4PK,COVER,T14-11,14 LHS,52,18,,,,,,,,,,Verified,BEE,,
,1087,4M0035711,MICROPHONE,T14-6,14 LHS,52,149,,,,,,,,,,Verified,BEE,,
,1088,5Q0951177C,"SENSOR,ATAS",T14-9,14 LHS,52,1,15,,,,,,,,,Verified,BEE,,
,1089,4M0899181,PLUG,T14-14,14 LHS,52,77,,,,,,,,,,Verified,BEE,,
,1090,4M0899182,PLUG,T14-16,14 LHS,52,75,,,,,,,,,,Verified,BEE,,
,1091,4M2035711A 4PK,MICROPHONE,T14-8,14 LHS,52,317,,,,,,,,,,Verified,BEE,,
,1092,4M1035711A 4PK,MICROPHONE,T14-7,14 LHS,52,317,,,,,,,,,,Verified,BEE,,
,1093,85H857333,#N/A,#N/A,14 LHS,52,10,,,,,,,,,,Verified,BEE,,
,1094,4M0821111,END PLATE,T14-12,14 LHS,52,6,,,,,,,,,,Verified,BEE,,
,1095,4M0947135DQ6PS,ROOF MODULE,T14-5,14 LHS,52,9,,,,,,,,,,Verified,BEE,,
,1096,4M0821112,END PLATE,T14-15,14 LHS,52,2,,,,,,,,,,Verified,BEE,,
,1097,8K0915429C,TERMINAL COVER,T14-17,14 LHS,52,2,100,,,,,,,,,Verified,BEE,,
,1098,4M0010006E,WARNING STICKER,T14-18,14 LHS,52,14,100,,,,,,,,,Verified,BEE,,
,1099,4M0863080BQA5,FLAP,T14-19,14 LHS,52,36,,,,,,,,,,Verified,BEE,,
,1100,4M0713079A,COVER,T13-96,13 RHS,52,106,,,,,,,,,,Verified,BEE,,
,1101,N  91189702,12-POINT SOCKET BOLT WITH WASHER,T14-21,14 LHS,52,178,,,,,,,,,,Verified,BEE,,
,1102,N  105835019B9,EXPANSION RIVET,T14-13,14 LHS,52,2521,,,,,,,,,,Counted,,,
,1103,N  91277801,TRIPLE SQUARE OVAL HEAD BOLT,T14-27,14 LHS,52,85,,,,,,,,,,Verified,BEE,,
,1104,4K0858937  4PK,ADAPTER,T14-10,14 LHS,52,11,125,,,,,,,,,Verified,BEE,,
,1105,4M0837033A,STRIKER,T14-26,14 LHS,52,69,,,,,,,,,,Verified,BEE,,
,1106,5WA129626,CONNECTING HOSE,GT14-53,14 RHS,53,58,,,,,,,,,,Verified,BEE,,
,1107,3WA907217D,CAMERA,GT14-09,15 LHS,53,11,20,,,,,,,,,Verified,BEE,,
,1108,5WA915429A,TERMINAL COVER,GT14-11,14 LHS,53,17,,,,,,,,,,Verified,BEE,,
,1109,N  91278801,12-POINT SOCKET BOLT WITH WASHER,GT14-03,14 LHS,53,211,,,,,,,,,,Verified,BEE,,
,1110,5H0858633 4PK,COVER,GT14-06,15 LHS,53,31,,,,,,,,,,Verified,BEE,,
,1111,5H0858634 4PK,COVER,GT14-07,15 LHS,53,31,,,,,,,,,,Verified,BEE,,
,1112,5H0945312C,COVER,GT15-10,15 LHS,53,28,,,,,,,,,,Verified,BEE,,
,1113,5H0945311C15,COVER,GT15-09,15 LHS,53,28,,,,,,,,,,Verified,BEE,,
,1114,5H0868437C 4PK15,COVER,GT14-01,15 LHS,53,31,,,,,,,,,,Verified,BEE,,
,1115,5H0821111,END PLATE,GT14-02,14 LHS,53,16,,,,,,,,,,Verified,BEE,,
,1116,5Q0803899,HAND KNOB SCREW,GT14-14,14 RHS,53,32,,,,,,,,,,Verified,BEE,,
,1117,89A955555B,RAIN SENSOR,GT14-08,14 LHS,54,79,,,,,,,,,,Verified,MONA,,
,1118,701010002AA,COMBINATION CAUTION PLATE,GT14-21,14 RHS,54,827,,,,,,,,,,Verified,MONA,,
,1119,701010043N,OIL FILLING,GT14-62,14 RHS,54,43,,,,,,,,,,Verified,MONA,,
,1120,5QF010008B,AIR CONDITIONING SYSTEM,GT14-13,14 RHS,54,642,,,,,,,,,,Verified,MONA,,
,1121,05E103729B,SHIELD,GT14-58,14 RHS,54,12,,,,,,,,,,Verified,MONA,,18 pcs transit area
,1122,N  90656503,SPRING CLAMP,GT14-54,14 RHS,54,36,,,,,,,,,,Verified,AZWAN,,
,1123,5Q0129684C,CONNECTING PIPE,GT14-56,14 LHS,54,13,,,,,,,,,,Verified,MONA,,
,1124,N  10679501,FLANGE TAPPING SCREW,GT14-26,14 RHS,54,1445,,,,,,,,,,Verified,MONA,,
,1125,N  90871301,BUTTON,GT14-25,14 RHS,54,394,900,,,,,,,,,Verified,MONA,,
,1126,1T0803899,MOUNTING,GT15-11,15 LHS,54,2,80,,,,,,,,,Verified,MONA,,
,1127,6R6867300,LINE BRACKET,GT14-20,14 RHS,54,300,,,,,,,,,,Verified,MONA,,
,1128,N  90656401,SPRING CLAMP,GT14-55,14 LHS,54,189,,,,,,,,,,Verified,AZWAN,,
,1129,N  91277801,TRIPLE SQUARE OVAL HEAD BOLT,GT14-05,14 LHS,54,927,,,,,,,,,,Verified,MONA,,
,1130,N  10609204,HEXAGON FLANGE NUT,GT14-23,14 RHS,54,765,,,,,,,,,,Verified,MONA,,
,1131,5H0821112,END PLATE,GT14-15,14 RHS,54,14,,,,,,,,,,Verified,MONA,,
,1132,5Q0129637C,FITTING,GT14-16,14 RHS,54,236,,,,,,,,,,Verified,MONA,,
,1133,701010043M,OIL FILLING,GT14-22,14 RHS,54,460,,,,,,,,,,Verified,MONA,,
,1134,5QA129621C,AIR DEFLECTOR,GT14-18,14 RHS,54,11,,,,,,,,,,Verified,MONA,,
,1135,8T0837947,COVER,GT14-27,14 RHS,54,571,,,,,,,,,,Verified,MONA,,
,1136,3G0857511AN9B9,INTERIOR REARVIEW MIRROR,GT14-10,15 LHS,54,19,,,,,,,,,,Verified,MONA,,
,1137,5N0955205,#N/A,#N/A,15 LHS,54,321,,,,,,,,,,Verified,MONA,,
,1138,6R6867299,LINE BRACKET,GT14-19,14 RHS,54,334,,,,,,,,,,Verified,MONA,,
,1139,3C0837767A,STRIKER,GT14-04,14 LHS,54,50,150,150,,,,,,,,Verified,MONA,,150 pcs transit area
,1140,N  90951401,FILLISTERHEAD,T10-54,10 RHS,40,82,,,,,,,,,,Verified,SHAQILA,,
,1141,5WA201550AH,CAP,T12-3,10 RHS,40,17,,,,,,,,,,Verified,SHAQILA,,
,1142,4M0845099AQ,WINDSHIELD,T5-26,5 RHS,SUMA,3,2,1,,,,,,,,Counted,,,
,1143,5H0845011BG,WINDSHIELD,GT5-16,5 RHS,SUMA,9,,,,,,,,,,Counted,,,
,1144,5H0845011BF,WINDSHIELD,GT5-02,5 RHS,SUMA,1,2,,,,,,,,,Counted,,,
,1145,5H0853859C 9B9,OUTER SILL COVER,GT10-29,10 RHS,SUMA,25,,,,,,,,,,Verified,SHAQILA,,
,1146,5H0853860C 9B9,OUTER SILL COVER,GT10-52,10 RHS,SUMA,18,,,,,,,,,,Verified,SHAQILA,,
,1147,5H0853855 041,OUTER SILL COVER,GT10-60,10 RHS,SUMA,15,,,,,,,,,,Verified,SHAQILA,,
,1148,5H0853856 041,OUTER SILL COVER,GT10-61,10 RHS,SUMA,15,,,,,,,,,,Verified,SHAQILA,,
,1149,5H0853855A Y9T,OUTER SILL COVER,GT10-79,10 RHS,SUMA,1,,,,,,,,,,Verified,SHAQILA,,
,1150,5H0853855A C9A,OUTER SILL COVER,GT10-79,10 RHS,SUMA,9,,,,,,,,,,Verified,SHAQILA,,
,1151,5H0853855A D5K,OUTER SILL COVER,GT10-79,10 RHS,SUMA,9,,,,,,,,,,Verified,SHAQILA,,
,1152,5H0853856A C9A,OUTER SILL COVER,GT10-80,10 RHS,SUMA,9,,,,,,,,,,Verified,SHAQILA,,
,1153,5H0853856A D5K,OUTER SILL COVER,GT10-80,10 RHS,SUMA,9,,,,,,,,,,Verified,SHAQILA,,
,1154,5H0853856A Y9T,OUTER SILL COVER,GT10-80,10 RHS,SUMA,1,,,,,,,,,,Verified,SHAQILA,,
,1155,5H0853855A C7Q,OUTER SILL COVER,GT10-80,10 RHS,SUMA,0,6,7,7,,,,,,,Counted,,,
,1156,5H0853856A C7Q,OUTER SILL COVER,GT10-80,10 RHS,SUMA,0,,,,,,,,,,Counted,,,
,1157,5H0853493B,ADAPTER,GT10-67,10 RHS,SUMA,6,,,,,,,,,,Counted,,,
,1158,5H0853494B,ADAPTER,GT10-71,10 RHS,SUMA,4,,,,,,,,,,Counted,,,
,1159,5WA601324,TIRE,GWH-02,TIRE,SUMA,17,,,,,,,,,,Counted,,,
,1160,5WA601307J,TIRE,GWH-04,TIRE,SUMA,4,18,,,,,,,,,Counted,,,
,1161,5Q0601027CT03C,RIM,GWH-05,TIRE,SUMA,25,,,,,,,,,,Counted,,,
,1162,5H0601025H FZZ,ALLOY WHEEL,GWH-06,TIRE,SUMA,1,1,1,24,,,,,,,Counted,,,
,1163,5WA601307B,TIRE,GWH-08,TIRE,SUMA,28,,,,,,,,,,Counted,,,
,1164,5WA601307AE,TIRE,GWH-09,TIRE,SUMA,28,,,,,,,,,,Counted,,,
,1165,5H0601025S FZZ,ALLOY WHEEL,GWH-10,TIRE,SUMA,4,,,,,,,,,,Counted,,,
,1166,5H0601025APFZZ,ALLOY WHEEL,GWH-11,TIRE,SUMA,16,,,,,,,,,,Counted,,,
,1167,5WA200059CK,FUEL LINE,GT1-14,01 LHS,SEQ RACK,12,,,,,,,,,,Verified,HUZAINE,,
,1168,5H0863993C,PLENUM PANEL DAMPING,GT1-17,01 LHS,SEQ RACK,12,4,,,,,,,,,Verified,HUZAINE,,
,1169,5WC863353A,BULKHEAD SOUND INSULATION,GT1-19,01 LHS,SEQ RACK,12,4,,,,,,,,,Verified,HUZAINE,,
,1170,5Q0199555AB,TRANSMISSIONMOUNT,GT1-50,01 LHS,SEQ RACK,5,,,,,,,,,,Counted,,,test
,1171,5H6827705B,COVER SEAL,GT1-35,01 RHS,SEQ RACK,4,,,,,,,,,,Counted,,,
,1172,4M2863923Q,BULKHEAD SOUND DAMPING,T1-45,01 RHS,SEQ RACK,1,,,,,,,,,,Counted,,,Come with body 
,1173,4M0827229B,COVER,T1-52,01 RHS,SEQ RACK,3,,,,,,,,,,Counted,,,
,1174,4M0827705,COVER SEAL,T1-53,01 RHS,SEQ RACK,3,,,,,,,,,,Counted,,,
,1175,5H6880741N,CURTAIN AIRBAG,GT2-16,02 LHS,SEQ RACK,8,,,,,,,,,,Counted,,,
,1176,5H4867913 9B9,WELT,GT2-17,02 LHS,SEQ RACK,3,1,,,,,,,,,Counted,,,
,1177,5H4867911 9B9,WELT,GT2-18,02 LHS,SEQ RACK,6,,,,,,,,,,Counted,,,
,1178,4M0860021B 1P9,ROOF RAILS,T2-2,02 LHS,SEQ RACK,5,,,,,,,,,,Counted,,,
,1179,4M0831721C,DOOR SEAL,T2-7,02 LHS,SEQ RACK,6,,,,,,,,,,Counted,,,
,1180,4M0839119D,GASKET,T2-8,02 LHS,SEQ RACK,5,,,,,,,,,,Counted,,,
,1181,4M0880741K,CURTAIN AIRBAG,T2-14,02 LHS,SEQ RACK,5,,,,,,,,,,Counted,,,
,1182,5H6880742N,CURTAIN AIRBAG,GT2-47,02 RHS,SEQ RACK,8,,,,,,,,,,Counted,,,
,1183,5H4867912 9B9,WELT,GT2-48,02 RHS,SEQ RACK,3,,,,,,,,,,Counted,,,
,1184,5H4867914 9B9,WELT,GT2-49,02 RHS,SEQ RACK,4,,,,,,,,,,Counted,,,
,1185,4M0860022B 1P9,ROOF RAILS,T2-72,02 RHS,SEQ RACK,5,,,,,,,,,,Counted,,,
,1186,4M0833721C,DOOR SEAL,T2-75,02 RHS,SEQ RACK,10,,,,,,,,,,Counted,,,
,1187,4M0839120D,GASKET,T2-76,02 RHS,SEQ RACK,6,,,,,,,,,,Counted,,,
,1188,4M0880742K,CURTAIN AIRBAG,T2-80,02 RHS,SEQ RACK,5,,,,,,,,,,Counted,,,
,1189,5H0863831A,ENGINE HOOD DAMPING,GT4-10,04 LHS,SEQ RACK,5,,,,,,,,,,Verified,HUZAINE,,
,1190,5Q0819805E,REAR FOOTWELL AIR DUCT,GT4-11,04 LHS,SEQ RACK,2,6,,,,,,,,,Verified,,AZWAN,
,1191,5Q0819806E,REAR FOOTWELL AIR DUCT,GT4-12,04 LHS,SEQ RACK,4,,,,,,,,,,Verified,HUZAINE,,
,1192,5H0867291 4PK,"TRIM PANEL,PILLAR B,LOWER",GT4-13,04 LHS,SEQ RACK,5,,,,,,,,,,Verified,HUZAINE,,
,1193,5H0867292 4PK,"TRIM PANEL,PILLAR B,LOWER",GT4-14,04 LHS,SEQ RACK,5,,,,,,,,,,Verified,HUZAINE,,
,1194,4M8955023E,WIPER MOTOR W. LINKAGE,T4-38,04 LHS,SEQ RACK,5,,,,,,,,,,Verified,HUZAINE,,
,1195,4M0863825A,HOOD SOUND,T4-40,04 LHS,SEQ RACK,1,,,,,,,,,,Verified,HUZAINE,,
,1196,4M0823126,IMPACT PROTECTION,T4-41,04 LHS,SEQ RACK,2,,,,,,,,,,Verified,HUZAINE,,
,1197,4M0819811E,"REAR FOOTWELL AIR DUCT,PILLAR",T4-51,04 LHS,SEQ RACK,2,,,,,,,,,,Verified,HUZAINE,,
,1198,4M0819725B,AIR DUCT ELEMENT,T4-53,04 LHS,SEQ RACK,3,,,,,,,,,,Verified,HUZAINE,,
,1199,4M0867239F 4PK,"TRIM PANEL,PILLAR B,LOWER",T4-55,04 LHS,SEQ RACK,2,,,,,,,,,,Verified,HUZAINE,,
,1200,5H6807863,ATTACHMENT STRIP,GT4-34,04 RHS,SEQ RACK,5,,,,,,,,,,Verified,HUZAINE,,
,1201,4M0807458A,GUIDE,T4-71,04 RHS,SEQ RACK,2,,,,,,,,,,Verified,HUZAINE,,
,1202,4M0819812G,"REAR FOOTWELL AIR DUCT,PILLAR",T4-79,04 RHS,SEQ RACK,2,,,,,,,,,,Verified,HUZAINE,,
,1203,4M0819726B,AIR DUCT ELEMENT,T4-81,04 RHS,SEQ RACK,3,,,,,,,,,,Verified,HUZAINE,,
,1204,4M0867240K 4PK,"TRIM PANEL,PILLAR B,LOWER",T4-82,04 RHS,SEQ RACK,2,,,,,,,,,,Verified,HUZAINE,,
,1205,5H0867233Q XCC,"TRIM PANEL,PILLAR A",GT5-04,05 LHS,SEQ RACK,0,4,,,,,,,,,Counted,,,
,1206,5H0867234Q XCC,"TRIM PANEL,PILLAR A",GT5-05,05 LHS,SEQ RACK,0,4,,,,,,,,,Counted,,,
,1207,5H0867243E 4PK,"TRIM PANEL,PILLAR B",GT5-06,05 LHS,SEQ RACK,0,4,,,,,,,,,Counted,,,
,1208,5H0867244E 4PK,"TRIM PANEL,PILLAR B",GT5-07,05 LHS,SEQ RACK,0,4,,,,,,,,,Counted,,,
,1209,4M0881677A,SEAT FRAME,T5-2,05 LHS,SEQ RACK,0,4,,,,,,,,,Counted,,,
,1210,4P0915089C,BATTERY,T5-7,05 LHS,SEQ RACK,0,,,,,,,,,,Counted,,,
,1211,4M0867233AB2O9,"TRIM PANEL,PILLAR A",T5-13,05 LHS,SEQ RACK,0,2,,,,,,,,,Counted,,,
,1212,4M0867287H 2O9,"TRIM PANEL,PILLAR C",T5-20,05 LHS,SEQ RACK,0,2,,,,,,,,,Counted,,,
,1213,4M0867245F 2O9,"TRIM PANEL,PILLAR D",T5-22,05 LHS,SEQ RACK,0,2,,,,,,,,,Counted,,,
,1214,4M0845297BK,SIDE WINDOW GLASS,T5-28,05 LHS,SEQ RACK,0,2,,,,,,,,,Counted,,,
,1215,4M0845298CG,SIDE WINDOW GLASS,T5-29,05 LHS,SEQ RACK,0,2,,,,,,,,,Counted,,,
,1216,3WA915107C,BATTERY,GT5-23,05 LHS,SEQ RACK,3,,,,,,,,,,Verified,HUZAINE,,
,1217,4M0863560,DRIVE UNIT,T5-31,05 RHS,SEQ RACK,2,,,,,,,,,,Counted,,,
,1218,4M0863697P,TRIM PANEL,T5-37,05 RHS,SEQ RACK,2,,,,,,,,,,Counted,,,
,1219,4N0915105G,BATTERY,T5-41,05 RHS,SEQ RACK,2,,,,,,,,,,Counted,,,
,1220,4M0915524K,BRACKET,T5-42,05 RHS,SEQ RACK,2,,,,,,,,,,Counted,,,
,1221,4M0915399L,BATTERY COVER,T5-43,05 RHS,SEQ RACK,2,,,,,,,,,,Counted,,,
,1222,4M0867234AB2O9,"TRIM PANEL,PILLAR A",T5-60,05 RHS,SEQ RACK,2,,,,,,,,,,Counted,,,
,1223,4M0867244F 2O9,"TRIM PANEL,PILLAR B",T5-61,05 RHS,SEQ RACK,2,,,,,,,,,,Counted,,,
,1224,4M0867246F 2O9,"TRIM PANEL,PILLAR D",T5-64,05 RHS,SEQ RACK,2,,,,,,,,,,Counted,,,
,1225,5WA819805B,REARFOOTWELLAIRDUCT,GT5-24,05 RHS,SEQ RACK,1,,,,,,,,,,Counted,,,
,1226,5WA819806B,REARFOOTWELLAIRDUCT,GT5-25,05 RHS,SEQ RACK,6,,,,,,,,,,Verified,HUZAINE,,
,1227,5H0867233P 4PK,"TRIMPANEL,PILLARA",GT5-26,05 RHS,SEQ RACK,5,,,,,,,,,,Verified,HUZAINE,,
,1228,5H0867234P 4PK,"TRIMPANEL,PILLARA",GT5-27,05 RHS,SEQ RACK,5,,,,,,,,,,Verified,HUZAINE,,
,1229,5H0806239,PLENUM PANEL,GT6-13,06 LHS,SEQ RACK,16,,,,,,,,,,Counted,,,
,1230,5Q0816741C,REFRIGERANT LINE,GT6-14,06 LHS,SEQ RACK,16,,,,,,,,,,Counted,,,
,1231,5WC816738B,REFRIGERANT PIPE,GT6-15,06 LHS,SEQ RACK,16,,,,,,,,,,Counted,,,
,1232,5WA955448,WASHER FLUID RESERVOIR,GT6-16,06 LHS,SEQ RACK,16,,,,,,,,,,Counted,,,
,1233,5WA816743B,REFRIGERANT LINE,GT6-17,06 LHS,SEQ RACK,6,,,,,,,,,,Counted,,,
,1234,4M2816740,REFRIGERANT LINE,T6-20,06 LHS,SEQ RACK,3,,,,,,,,,,Counted,,,
,1235,4M2819904B,AIR INTAKE,T6-24,06 LHS,SEQ RACK,3,,,,,,,,,,Counted,,,
,1236,4M2819979B,DRIP RAIL,T6-28,06 LHS,SEQ RACK,3,,,,,,,,,,Counted,,,
,1237,4M0816738M,REFRIGERANT LINE,T6-29,06 LHS,SEQ RACK,3,,,,,,,,,,Counted,,,
,1238,4M0955448C,WASHER FLUID RESERVOIR,T6-30,06 LHS,SEQ RACK,3,,,,,,,,,,Counted,,,
,1239,4M0819523A,PLENUM CHAMBER BULKHEAD,T6-39,06 LHS,SEQ RACK,3,,,,,,,,,,Counted,,,
,1240,4M2819350,HEATING HOSE,T6-41,06 LHS,SEQ RACK,3,,,,,,,,,,Counted,,,
,1241,4M0806303H,STRUT,T6-51,06 LHS,SEQ RACK,3,,,,,,,,,,Counted,,,
,1242,4M0864831AD,"TRIM, DASH PANEL",T6-53,06 LHS,SEQ RACK,3,,,,,,,,,,Counted,,,
,1243,4M0825621K,"HEAT SHIELD, CROSS PANEL",T6-55,06 LHS,SEQ RACK,3,,,,,,,,,,Counted,,,
,1244,5WA816743C,REFRIGERANTLINE,GT6-34,06 LHS,SEQ RACK,10,,,,,,,,,,Counted,,,
,1245,4P0915089C,BATTERY,T5-7,09 LHS,SEQ RACK,0,,,,,,,,,,Counted,,,
,1246,5WA915418B,CUP,GT9-15,09 LHS,SEQ RACK,4,,,,,,,,,,Verified,HAKAM,,
,1247,5Q0129217B,AIR DEFLECTOR,GT9-16,09 LHS,SEQ RACK,4,,,,,,,,,,Verified,HAKAM,,
,1248,5WA121407F,EXPANSION TANK,GT9-17,09 LHS,SEQ RACK,4,,,,,,,,,,Counted,,,
,1249,5H0807305F,BUMPER BAR,GT9-46,09 LHS,SEQ RACK,4,,,,,,,,,,Verified,HAKAM,,
,1250,4M0806391C,ADAPTER,T9-1,09 LHS,SEQ RACK,4,,,,,,,,,,Verified,HAKAM,,
,1251,4M0805645B,ADDITIONAL REINF.,T9-2,09 LHS,SEQ RACK,4,,,,,,,,,,Verified,HAKAM,,
,1252,4M0863993F,PLENUM PANEL DAMPING,T9-5,09 LHS,SEQ RACK,4,,,,,,,,,,Verified,HAKAM,,
,1253,4M0816741DB,REFRIGERANT LINE,T9-19,09 LHS,SEQ RACK,4,,,,,,,,,,Verified,HAKAM,,
,1254,4M0821169B,COVER,T9-21,09 LHS,SEQ RACK,4,,,,,,,,,,Verified,HAKAM,,
,1255,4M8819401D,PLENUM PANEL COVER,T9-24,09 LHS,SEQ RACK,4,,,,,,,,,,Verified,HAKAM,,
,1256,4M0823723,"SEAL,WATER BOX",T9-25,09 LHS,SEQ RACK,4,,,,,,,,,,Verified,HAKAM,,
,1257,4M0121405AG,EXPANSION TANK,T9-27,09 LHS,SEQ RACK,4,,,,,,,,,,Verified,HAKAM,,
,1258,4M0802507G,CONNECTING PART,T9-34,09 LHS,SEQ RACK,4,,,,,,,,,,Verified,HAKAM,,
,1259,4M0133835G,AIR CLEANER,T9-37,09 LHS,SEQ RACK,4,,,,,,,,,,Verified,HAKAM,,
,1260,4M0807329,RETAINING PART,T9-42,09 LHS,SEQ RACK,3,,,,,,,,,,Verified,HAKAM,,
,1261,4M0807309,BUMPER BAR,T9-44,09 LHS,SEQ RACK,4,,,,,,,,,,Verified,HAKAM,,
,1262,4M0807453B,GUIDE,T9-46,09 LHS,SEQ RACK,4,,,,,,,,,,Verified,HAKAM,,
,1263,4M0807454B,GUIDE,T9-48,09 LHS,SEQ RACK,4,,,,,,,,,,Verified,HAKAM,,
,1264,4M0129510H,RAW AIR INDUCTION,T9-49,09 LHS,SEQ RACK,4,,,,,,,,,,Verified,HAKAM,,
,1266,5H6827933G A7C,REARSPOILER,GT9-53,09 LHS,SEQ RACK,1,,,,,,,,,,Verified,HAKAM,,
,1267,5H6827933G C3J,REARSPOILER,GT9-53,09 LHS,SEQ RACK,0,,,,,,,,,,Counted,,,
,1268,5H6827933G Y9T,REARSPOILER,GT9-53,09 LHS,SEQ RACK,1,0,,,,,,,,,Counted,,,Box 2. Correct number 
,1269,5H6827933G T5H,REARSPOILER,GT9-53,09 LHS,SEQ RACK,0,,,,,,,,,,Counted,,,
,1270,5H0809909 D5K,FUELFILLERDOOR,GT9-48,09 LHS,SEQ RACK,0,,,,,,,,,,Counted,,,
,1271,5H0809909 C9A,FUELFILLERDOOR,GT9-48,09 LHS,SEQ RACK,1,,,,,,,,,,Verified,SHAQILA,,
,1272,5H0809909 Y9T,FUELFILLERDOOR,GT9-48,09 LHS,SEQ RACK,1,,,,,,,,,,Verified,HAKAM,,
,1273,5H0809909 C7Q,FUELFILLERDOOR,GT9-48,09 LHS,SEQ RACK,0,,,,,,,,,,Counted,,,
,1274,5H0806929B,CARRIER,GT9-51,09 RHS,SEQ RACK,12,4,,,,,,,,,Counted,,,
,1275,5H0806930B,CARRIER,GT9-52,09 RHS,SEQ RACK,13,3,,,,,,,,,Counted,,,
,1276,5H6827934G 0K1,REAR SPOILER,GT9-53,09 RHS,SEQ RACK,0,,,,,,,,,,Counted,,,
,1277,5H6827934G A7C,REAR SPOILER,GT9-53,09 RHS,SEQ RACK,2,,,,,,,,,,Verified,HAKAM,,
,1278,5H6827934G C3J,REAR SPOILER,GT9-53,09 RHS,SEQ RACK,0,,,,,,,,,,Counted,,,
,1279,5H6827934G Y9T,REAR SPOILER,GT9-53,09 RHS,SEQ RACK,2,,,,,,,,,,Verified,HAKAM,,
,1280,5H6827934G T5H,REAR SPOILER,GT9-53,09 RHS,SEQ RACK,0,,,,,,,,,,Counted,,,
,1281,5H0809909 0K1,FUELFILLERDOOR,GT9-48,09 RHS,SEQ RACK,0,,,,,,,,,,Counted,,,
,1282,5H0809909 A7C,FUELFILLERDOOR,GT9-48,09 RHS,SEQ RACK,2,,,,,,,,,,Verified,HAKAM,,
,1283,5H0809909 C3J,FUELFILLERDOOR,GT9-48,09 RHS,SEQ RACK,0,,,,,,,,,,Counted,,,
,1284,5H0809909 Y9T,FUELFILLERDOOR,GT9-48,09 RHS,SEQ RACK,1,,,,,,,,,,Counted,,,
,1285,5H0809909 T5H,FUELFILLERDOOR,GT9-48,09 RHS,SEQ RACK,0,,,,,,,,,,Counted,,,
,1286,5H2863483A 4PK,"TRIM PANEL,PILLAR A,LWR",GT9-54,09 RHS,SEQ RACK,4,,,,,,,,,,Counted,,,
,1287,5H2863484B 4PK,"TRIM PANEL,PILLAR A,LWR",GT9-55,09 RHS,SEQ RACK,4,,,,,,,,,,Counted,,,
,1288,4M2419753D,STEERING SHAFT,T9-56,09 RHS,SEQ RACK,3,,,,,,,,,,Verified,HAKAM,,
,1289,4M2867272B 4PK,"TRIM PANEL,PILLAR A,LWR",T9-61,09 RHS,SEQ RACK,3,,,,,,,,,,Verified,HAKAM,,
,1290,4M2867271B 4PK,"TRIM PANEL,PILLAR A,LWR",T9-67,09 RHS,SEQ RACK,3,,,,,,,,,,Verified,HAKAM,,
,1291,4M0827933A S9R,REAR SPOILER,T9-77,09 RHS,SEQ RACK,4,,,,,,,,,,Verified,HAKAM,,
,1292,3Q0825235A,SHIELD,GT10-09,10 LHS,SEQ RACK,7,,,,,,,,,,Counted,,,
,1293,5H0805911J,WHEEL HOUSING LINER,GT10-10,10 LHS,SEQ RACK,7,,,,,,,,,,Counted,,,
,1294,5H0805969B,"WHEEL HOUSING LINER,FRONT",GT10-11,10 LHS,SEQ RACK,8,,,,,,,,,,Verified,Faisal,,
,1295,5H0810971D,"WHEEL HOUSING LINER,REAR",GT10-12,10 LHS,SEQ RACK,8,,,,,,,,,,Verified,Nisha,,
,1296,5H0810972D,"WHEEL HOUSING LINER,REAR",GT10-13,10 LHS,SEQ RACK,8,,,,,,,,,,Counted,,,
,1297,5H0853651AR041,RADIATOR GRILLE,GT10-14,10 LHS,SEQ RACK,2,,,,,,,,,,Verified,ANWAR,ANWAR,
,1298,5WA825201H,CD-ENHANCING UNDERBODY PANEL,GT10-15,10 LHS,SEQ RACK,8,,,,,,,,,,Counted,,,
,1299,4M0825213J,DRAG REDUCTION,T10-17,10 LHS,SEQ RACK,4,,,,,,,,,,Verified,SHAQILA,,
,1300,4M0825205AA,CD-ENHANCING UNDERBODY PANEL,T10-20,10 LHS,SEQ RACK,4,,,,,,,,,,Counted,,,
,1301,4M0825285R,SHIELD,T10-23,10 LHS,SEQ RACK,4,,,,,,,,,,Counted,,,
,1302,4M0825235BA,SHIELD,T10-27,10 LHS,SEQ RACK,4,,,,,,,,,,Verified,SHAQILA,,
,1303,4M0821171AP,WHEEL HOUSING LINER,T10-32,10 LHS,SEQ RACK,4,,,,,,,,,,Counted,,,
,1304,4M0821191G,WHEEL HOUSING LINER,T10-34,10 LHS,SEQ RACK,4,,,,,,,,,,Counted,,,
,1305,4M0853025J S9R,WHEEL TRIM,T10-37,10 LHS,SEQ RACK,0,,,,,,,,,,Counted,,,
,1306,4M0810171J,"WHEEL HOUSING LINER,REAR",T10-43,10 LHS,SEQ RACK,4,,,,,,,,,,Counted,,,
,1307,4M0810172L,"WHEEL HOUSING LINER,REAR",T10-44,10 LHS,SEQ RACK,4,,,,,,,,,,Counted,,,
,1308,4M0804033G,AIR DUCT ELEMENT,T10-45,10 LHS,SEQ RACK,4,,,,,,,,,,Counted,,,
,1309,4M0825236AK,SHIELD,T10-47,10 LHS,SEQ RACK,4,,,,,,,,,,Counted,,,
,1310,5Q0825230K,"DRAGREDUCTIONCOVERING,TUNNEL",GT10-54,10 LHS,SEQ RACK,10,,,,,,,,,,Counted,,,
,1311,5WA825236C,SHIELD,GT10-55,10 LHS,SEQ RACK,2,,,,,,,,,,Counted,,,
,1312,5H0805911H,WHEELHOUSINGLINER,GT10-56,10 LHS,SEQ RACK,1,,,,,,,,,,Counted,,,
,1313,5H0805912K,WHEELHOUSINGLINER,GT10-57,10 LHS,SEQ RACK,1,,,,,,,,,,Counted,,,
,1314,5H0805912M,WHEEL HOUSING LINER,GT10-35,10 RHS,SEQ RACK,7,,,,,,,,,,Counted,,,
,1315,5H0805970A,"WHEEL HOUSING LINER,FRONT",GT10-36,10 RHS,SEQ RACK,8,,,,,,,,,,Verified,Faisal,,
,1316,5WA501713,SHIELD,GT10-37,10 RHS,SEQ RACK,9,,,,,,,,,,Counted,,,
,1317,5WA825202H,CD-ENHANCING UNDERBODY PANEL,GT10-38,10 RHS,SEQ RACK,8,,,,,,,,,,Counted,,,
,1318,5WA825102A,CD-ENHANCING UNDERBODY PANEL,GT10-39,10 RHS,SEQ RACK,8,,,,,,,,,,Counted,,,
,1319,4M0807081B 9B9,"COVER,BUMPER",T10-56,10 RHS,SEQ RACK,4,,,,,,,,,,Counted,,,
,1320,4M0825212H,CD-ENHANCING UNDERBODY PANEL,T10-63,10 RHS,SEQ RACK,4,,,,,,,,,,Verified,SHAQILA,,
,1321,4M0825219F,"CD-ENHANCING UNDERBODY PANEL,R",T10-64,10 RHS,SEQ RACK,4,,,,,,,,,,Verified,SHAQILA,,
,1322,4M0825214J,"CD-ENHANCING UNDERBODY PANEL,R",T10-66,10 RHS,SEQ RACK,4,,,,,,,,,,Verified,SHAQILA,,
,1323,4M0825206P,CD-ENHANCING UNDERBODY PANEL,T10-67,10 RHS,SEQ RACK,4,,,,,,,,,,Counted,,,
,1324,4M0821172AG,WHEEL HOUSING LINER,T10-70,10 RHS,SEQ RACK,4,,,,,,,,,,Counted,,,
,1325,4M0821192H,WHEEL HOUSING LINER,T10-71,10 RHS,SEQ RACK,4,,,,,,,,,,Counted,,,
,1326,4M0853026J S9R,WHEEL TRIM,T10-73,10 RHS,SEQ RACK,0,,,,,,,,,,Counted,,,
,1327,5H0853651AS041,RADIATORGRILLE,GT10-63,10 RHS,SEQ RACK,1,,,,,,,,,,Counted,,,
,1328,5H0853651AT041,RADIATORGRILLE,GT10-72,10 RHS,SEQ RACK,1,,,,,,,,,,Counted,,,
,1329,5H6863544A,"TRIM,SPARE WHEEL WELL",GT13-23,13 LHS,SEQ RACK,4,,,,,,,,,,Verified,SHAHRIL,,
,1330,5H6867765D 4PK,"TRIM,WHEEL HOUSINGREAR",GT13-24,13 LHS,SEQ RACK,5,,,,,,,,,,Verified,SHAHRIL,,
,1331,5H6867766D 4PK,"TRIM,WHEEL HOUSINGREAR",GT13-25,13 LHS,SEQ RACK,5,,,,,,,,,,Verified,SHAHRIL,,
,1332,5H6867287B 4PK,"TRIM PANEL,PILLAR C",GT13-26,13 LHS,SEQ RACK,5,,,,,,,,,,Verified,SHAHRIL,,
,1333,4M0863869A,TUNNEL DAMPING,T13-1,13 LHS,SEQ RACK,5,,,,,,,,,,Counted,,,
,1334,4M0867767G 4PK,"TRIM,WHEEL HOUSING REAR",T13-48,13 LHS,SEQ RACK,5,,,,,,,,,,Verified,HUZAINE,,
,1335,4M0867768G 4PK,"TRIM,WHEEL HOUSING REAR",T13-50,13 LHS,SEQ RACK,5,,,,,,,,,,Verified,HUZAINE,,
,1336,4M0853369D 4PK,SCUFF PLATE,T13-51,13 LHS,SEQ RACK,5,,,,,,,,,,Verified,HUZAINE,,
,1337,4M0853370D 4PK,SCUFF PLATE,T13-52,13 LHS,SEQ RACK,5,,,,,,,,,,Verified,HUZAINE,,
,1338,4M8863075F 24A,TRAY,T13-53,13 LHS,SEQ RACK,5,,,,,,,,,,Verified,HUZAINE,,
,1339,5H6867427N CA9,LUGGAGE COMP. SIDE TRIM,GT13-49,13 RHS,SEQ RACK,4,,,,,,,,,,Verified,SHAHRIL,,
,1340,5H0419089QLNID,STEERING WHEEL,GT13-50,13 RHS,SEQ RACK,3,,,,,,,,,,Verified,SHAHRIL,,
,1341,5H6867761 4PK,"SUPPORT, SIDE",GT13-51,13 RHS,SEQ RACK,9,21,,,,9,21,,,,Verified,MEGAT,,
,1342,5H6867762D 4PK,"SUPPORT, SIDE",GT13-52,13 RHS,SEQ RACK,8,21,,,,8,,,,,Verified,MEGAT,,21 pcs transit area
,1343,5H6867288B 4PK,"TRIM PANEL,PILLAR C",GT13-53,13 RHS,SEQ RACK,5,,,,,,,,,,Verified,SHAHRIL,,
,1344,5H6867428H CA9,LUGGAGE COMP. SIDE TRIM,GT13-54,13 RHS,SEQ RACK,5,,,,,,,,,,Verified,SHAHRIL,,5 pcs verify
,1345,5NA880201G XEA,AIRBAG UNIT,GT13-55,13 RHS,SEQ RACK,5,,,,,,,,,,Verified,SHAHRIL,,
,1346,8Y0035465A,BOOSTER,T13-68,13 RHS,SEQ RACK,5,,,,,,,,,,Verified,HUZAINE,,
,1347,4M0863527K 4PK,SHELF,T13-72,13 RHS,SEQ RACK,5,,,,,,,,,,Verified,HUZAINE,,
,1348,4M0863528K 4PK,SHELF,T13-73,13 RHS,SEQ RACK,5,,,,,,,,,,Verified,HUZAINE,,
,1349,4M0863879H HCK,SIDE TRIM PANEL,T13-76,13 RHS,SEQ RACK,1,,,,,1,,,,,Verified,MEGAT,,
,1350,4M0863880C HCK,SIDE TRIM PANEL,T13-86,13 RHS,SEQ RACK,1,,,,,1,,,,,Verified,MEGAT,,
,1351,4M8419091ACQQT,STEERING WHEEL,T13-99,13 RHS,SEQ RACK,5,,,,,,,,,,Verified,HUZAINE,,
,1352,4M0880201AE6PS,AIRBAG UNIT,T13-101,13 RHS,SEQ RACK,5,,,,,,,,,,Verified,HUZAINE,,
,1353,5H0864254A,AIRDUCT,GT13-10,13 RHS,SEQ RACK,5,,,,,,,,,,Verified,SHAHRIL,,
,1354,5H0419089QLVDH,STEERINGWHEEL,GT13-62,13 RHS,SEQ RACK,1,,,,,,,,,,Verified,SHAHRIL,,
,1355,5H6867427M CA9,LUGGAGECOMP.SIDETRIM,GT13-64,13 RHS,SEQ RACK,1,,,,,,,,,,Verified,SHAHRIL,,
,1356,5H0419089QTAGD,STEERINGWHEEL,GT13-67,13 RHS,SEQ RACK,1,,,,,,,,,,Verified,SHAHRIL,,
,1357,9Y2864906A,PROTECTIVE LINING,T14-20,14 LHS,SEQ RACK,15,,,,,,,,,,Counted,,,
,1358,5Q0129601CC,AIRFILTER/MUFFLERUNIT,GT14-57,14 LHS,SEQ RACK,1,,,,,,,,,,Verified,HUZAINE,,
,1359,5NA805615,TOWING EYE,GT14-28,14 RHS,SEQ RACK,5,,,,,,,,,,Verified,HUZAINE,,
,1360,4D0012219A,LUG WRENCH,GT14-29,14 RHS,SEQ RACK,5,,,,,,,,,,Counted,,,
,1361,5Q0011221,CRANK,GT14-30,14 RHS,SEQ RACK,5,,,,,,,,,,Verified,HUZAINE,,
,1362,5WA129601,AIR FILTER/MUFFLER UNIT,GT14-31,14 RHS,SEQ RACK,2,,,,,,,,,,Verified,HUZAINE,,
,1363,5H0012115D,TOOL KIT HOLDER,GT14-32,14 RHS,SEQ RACK,5,,,,,,,,,,Verified,HUZAINE,,
,1364,5WA011031B,JACK,GT14-33,14 RHS,SEQ RACK,5,,,,,,,,,,Counted,,,
,1365,5H0012115C,TOOL KIT HOLDER,GT14-34,14 RHS,SEQ RACK,5,,,,,,,,,,Verified,HUZAINE,,
,1366,6C0035621A,SUBWOOFER,GT14-35,14 RHS,SEQ RACK,2,,,,,,,,,,Verified,HUZAINE,,
,1367,6X0012243,PULLER,GT14-37,14 RHS,SEQ RACK,5,,,,,,,,,,Verified,HUZAINE,,
,1368,5Q0129954F,COVER,GT14-38,14 RHS,SEQ RACK,11,,,,,,,,,,Counted,,,
,1369,5H6867707 4PK,LINING,GT14-39,14 RHS,SEQ RACK,6,,,,,,,,,,Counted,,,
,1370,5H6867601B 4PK,"LINING,TRUNK LID",GT14-40,14 RHS,SEQ RACK,3,,,,,,,,,,Verified,HUZAINE,,
,1371,5H0012021R,TOOL KIT,GT14-41,14 RHS,SEQ RACK,5,,,,,,,,,,Counted,,,
,1372,4M0133849T,"COVER,AIR CLEANER",T14-31,14 RHS,SEQ RACK,5,,,,,,,,,,Verified,HUZAINE,,
,1373,4M0867839D 2O9,LINING,T14-33,14 RHS,SEQ RACK,5,,,,,,,,,,Verified,HUZAINE,,
,1374,4M0867607F 4PK,"LINING,TRUNK LID",T14-34,14 RHS,SEQ RACK,5,,,,,,,,,,Verified,HUZAINE,,
,1375,4M0867608F 4PK,"LINING,TRUNK LID",T14-35,14 RHS,SEQ RACK,5,,,,,,,,,,Verified,HUZAINE,,
,1376,4M0867606J 4PK,"LINING,TRUNK LID",T14-37,14 RHS,SEQ RACK,5,,,,,,,,,,Verified,HUZAINE,,
,1377,4M0867974 4PK,"LINING,TRUNK LID",T14-41,14 RHS,SEQ RACK,5,,,,,,,,,,Verified,HUZAINE,,
,1378,4M0035621L,SUBWOOFER,T14-46,14 RHS,SEQ RACK,5,,,,,,,,,,Verified,HUZAINE,,
,1379,4M0012021BR,TOOL KIT,T14-50,14 RHS,SEQ RACK,5,,,,,,,,,,Verified,HUZAINE,,
,1380,4M0012021BG,TOOL KIT,T14-51,14 RHS,SEQ RACK,5,,,,,,,,,,Verified,HUZAINE,,
,1381,4M0863462Q QA5,LUGGAGE COMPARTM FLOORB COVERING,T14-52,14 RHS,SEQ RACK,5,,,,,,,,,,Verified,HUZAINE,,
,1382,4M8955405K,WIPER LEVER,T14-55,14 RHS,SEQ RACK,5,,,,,,,,,,Verified,HUZAINE,,
,1383,4M8955406G,WIPER LEVER,T14-56,14 RHS,SEQ RACK,5,,,,,,,,,,Verified,HUZAINE,,
,1384,000860289C,SMALL PARTS BAG,GT15-02,15 LHS,SEQ RACK,6,,,,,,,,,,Verified,SHAHRIL,,
,1385,1K0601173 9B9,"CAP,WHEEL BOLT",GT15-03,15 LHS,SEQ RACK,96,,,,,,,,,,Verified,SHAHRIL,,
,1386,1K0601173 9B9,"CAP,WHEEL BOLT",GT15-03,15 LHS,SEQ RACK,96,,,,,,,,,,Counted,,,
,1387,5H0601171 FOD,COVER,GT15-05,15 LHS,SEQ RACK,20,,,,,,,,,,Verified,SHAHRIL,,
,1388,5G2863011F IFD,LUGGAGE COMPARTM. MAT,GT15-06,15 LHS,SEQ RACK,4,,,,,,,,,,Verified,SHAHRIL,,
,1389,8Y0012007,BAG,T15-22,15 LHS,SEQ RACK,5,,,,,,,,,,Counted,,,
,1390,4M2863011D JTV,LUGGAGE COMPARTM.,T15-1,15 LHS,SEQ RACK,5,,,,,,,,,,Counted,,,
,1391,5H2863012C IFA,LUGGAGECOMPARTM.MAT,GT15-12,15 LHS,SEQ RACK,1,,,,,,,,,,Verified,SHAHRIL,,
,1392,5H0959893 AUD,CAP,GT15-14,15 LHS,SEQ RACK,2,,,,,,,,,,Verified,SHAHRIL,,
,1393,5H2863011D IFG,LUGGAGECOMPARTM.MAT,GT15-13,15 LHS,SEQ RACK,1,,,,,,,,,,Verified,SHAHRIL,,
,1394,5H6863459B 4PK,"COVER,LOCK CARRIER",GT15-07,15 RHS,SEQ RACK,5,,,,,,,,,,Counted,,,
,1395,5H6867769A CA9,TRUNK LID,GT15-08,15 RHS,SEQ RACK,6,,,,,,,,,,Verified,SHAHRIL,,
,1396,4M0863553E 94H,COVER,T15-11,15 RHS,SEQ RACK,6,,,,,,,,,,Counted,,,
,1397,4M0864483P 4PK,"LINING, REAR END",T15-12,15 RHS,SEQ RACK,5,,,,,,,,,,Verified,HUZAINE,,
,1398,4M0864043A,INSULATION,M100-17,M100,SEQ RACK,0,,,,,,,,,,Counted,,,not found - need to check stock placement
,1399,5H2863933C,DAMPING,GT1-34,T0,SEQ RACK,1,,,,,,,,,,Counted,,,
,1400,5H0853493A,ADAPTER,GT10-67,10 RHS,SUMA,19,,,,,,,,,,Verified,SHAQILA,,
,1401,5H0853494A,ADAPTER,GT10-71,10 RHS,SUMA,19,,,,,,,,,,Verified,SHAQILA,,
,1402,5H0853859C 9B9,OUTER SILL COVER,GT10-29,10 RHS,SUMA,25,,,,,,,,,,Counted,,,
,1403,4M0854990A,WHEEL TRIM,T10-51,10 RHS,41,45,,,,,,,,,,Verified,SHAQILA,,
,1404,N 90225901,WASHER,GT8-26,8 RHS,29,963,,,,,,,,,,Verified,SHARIZAL,,
,1405,N 90687001,SPRING CLAMP,GT8-27,8 RHS,29,383,,,,,,,,,,Verified,SHARIZAL,,
,1406,4D0317867A,RUBBER BUSHING,GT8-32,8 RHS,29,108,,,,,,,,,,Verified,SHARIZAL,,
,1407,5H6863544C,"TRIM,SPARE WHEEL WELL",GT13-66,13 RHS,SUMA,1,,,,,,,,,,Verified,SHAHRIL,,
,1408,5G2955405D 03C,WIPER LEVER,GT14-43,14 LHS,SEQ RACK,3,,,,,,,,,,Verified,HUZAINE,,
,1409,5G2955406F 03C,WIPER LEVER,GT14-44,14 LHS,SEQ RACK,3,,,,,,,,,,Verified,HUZAINE,,
,1410,4M0971845BB,BRACKET,T4-90,04 RHS,15,22,,,,,,,,,,Verified,AZWAN,,
,1411,4M0867192,BRACKET,T4-80,04 RHS,15,192,,,,,,,,,,Verified,AZWAN,,
,1412,4M0907911A,BRACKET,T4-86,04 RHS,15,22,30,,,,,,,,,Verified,AZWAN,,30 pcs transit area
,1413,7L0899191,COVER,T4-87,04 RHS,15,210,,,,,,,,,,Verified,AZWAN,,
,1414,N 01508210,HEXAGON FLANGE NUT,T4-29,04 RHS,15,140,,,,,,,,,,Verified,AZWAN,,
,1415,3C06011739B9,"CAP,WHEELBOLT",GT15-01,15 LHS,SEQ RACK,24,,,,,,,,,,Verified,SHAHRIL,,
,1417,4M0863254,BRACKET,T4-60,04 RHS,15,23,,,,,,,,,,Verified,AZWAN,,
,1418,4M0955961B,TUBE,T4-63,04 RHS,15,6,33,,,,,,,,,Verified,AZWAN,,
,1419,N 90286604,BLIND RIVET,T4-59,04 RHS,15,427,,,,,,,,,,Verified,AZWAN,,
,1420,WHT008180,PREV.TORQUE HEX. C LAMP,T4-72,04 RHS,15,9,946,,,,,,,,,Verified,AZWAN,,
,1421,4M0827520,LATCH COVER,T4-61,04 RHS,15,33,,,,,,,,,,Verified,AZWAN,,
,1422,4M0863019BDQA5,FLOOR MAT,T13-42,13 RHS,SUMA,5,2,,,,5,,,,,Verified,MEGAT,,
,1423,4M8857086 4PK,COVER,T13-59,13 RHS,45,27,,,,,27,,,,,Verified,MEGAT,,
,1424,5H6858831A 4PK,MOUNTING BRACKET,GT13-58,13 RHS,SUMA,113,,,,,113,,,,,Verified,MEGAT,,
,1425,5H6858832A 4PK,MOUNTING BRACKET,GT13-59,13 RHS,SUMA,89,,,,,89,,,,,Verified,MEGAT,,
,1426,4M0853742F 716,TYPE SIGN,T01-50,01 RHS,4,50,,,,,,,,,,Verified,BEE,,
,1427,4M0827552C,GAS SPRING,T01-54,01 RHS,4,20,32,,,,,,,,,Verified,BEE,,
,1428,4M0827603,BRACKET,T01-55,01 RHS,4,11,126,,,,,,,,,Verified,BEE,,
,1429,N 90581803,HEXAGON HEAD BOLT WITH WASHER,T01-56,01 RHS,4,4,78,,,,,,,,,Verified,BEE,,78 pcs transit area
,1430,8N0853601A,TRADE MARK,T01-81,01 RHS,4,88,,,,,,,,,,Verified,BEE,,
,1431,4M0863434A,"TRIM,TRAY",T01-77,01 RHS,4,20,,,,,,,,,,Verified,BEE,,
,1432,4M0863951B,FILLER,T1-73,01 RHS,4,10,,,,,,,,,,Verified,BEE,,
,1433,4K0863261,PILLAR B DAMPING,T1-78,01 RHS,4,20,,,,,,,,,,Verified,BEE,,
,1434,4M0614725N,BRAKE LINE,T8-1,08 RHS,SEQ RACK,23,65,,,,,,,,,Verified,Nisha,,
,1435,4M0614726Q,BRAKE LINE,T8-2,08 RHS,SEQ RACK,23,,,,,,,,,,Verified,SHARIZAL,,
,1436,4M0864843N,"TRIM TUNNEL,0UTER",T8-27,08 RHS,SEQ RACK,3,,,,,,,,,,Verified,SHARIZAL,,
,1437,4M0863983AA,DAMPING,T8-29,08 RHS,SEQ RACK,3,,,,,,,,,,Verified,SHARIZAL,,
,1438,4M0825692H,"HEAT SHIELDING, TUNNEL,REAR",T8-30,08 RHS,SEQ RACK,3,,,,,,,,,,Verified,SHARIZAL,,
,1439,4M0825661AN,"HEAT SHIELD,TUNNEL FRONT",T8-33,08 RHS,SEQ RACK,3,,,,,,,,,,Verified,SHARIZAL,,
,1440,4M0825662R,"HEAT SHIELD,TUNNEL FRONT",T8-34,08 RHS,SEQ RACK,8,,,,,,,,,,Verified,SHARIZAL,,
,1441,4M0825623F,"HEAT SHIELD, CROSS PANEL",T8-38,08 RHS,SEQ RACK,3,,,,,,,,,,Verified,SHARIZAL,,
,1442,4M0201544BF,FUEL LINE,T8-45,08 RHS,SEQ RACK,2,,,,,,,,,,Verified,SHARIZAL,,
,1443,4M0201995K,BREATHER PIPE,T8-56,08 RHS,SEQ RACK,3,,,,,,,,,,Verified,SHARIZAL,,
,1444,4G0915531,TUBE,T5-8,05 RHS,25,47,,,,,,,,,,Counted,,,Rack 24
,1445,N 91205201,12-POINT SOCKET FLANGE BOLT,GT13-20,13 RHS,48,64,,,,,64,,,,,Verified,MEGAT,,
,1446,5H6035577,IMPEDANCE CONVERTER,GT2-07,02 RHS,8,23,,,,,23,,,,,Verified,Faisal,,
,1447,5H0945067,RETAINING PART,GT2-30,02 RHS,8,598,,,,,598,,,,,Verified,Faisal,,
,1448,N 10662201,CABLE TIE,GT2-14,02 RHS,10,1900,,,,,,,,,,Verified,Faisal,,
,1449,5G0010029J,AIRBAG,T12-11,12 LHS,55,95,400,,,,,,,,,Verified,SHAQILA,,
,1450,5Q0611349B,SCREW CAP,T12-10,12 LHS,55,96,,,,,,,,,,Verified,SHAQILA,,
,1451,5WA201550AH,CAP,T12-3,12 LHS,55,0,,,,,,,,,,Counted,,,
,1452,5Q0611349B,SCREW CAP,GT12-01,12 LHS,55,96,,,,,,,,,,Verified,SHAQILA,,
,1453,5WA201550AM,CAP,GT12-02,12 LHS,55,102,,,,,,,,,,Verified,SHAQILA,,
,1454,1K0010833P,TIRE PRESSURE MONITORING SYSTEM,GT12-04,12 LHS,55,52,,,,,,,,,,Verified,SHAQILA,,
,1455,5G0010029J,AIRBAG,GT12-05,12 LHS,55,95,400,,,,,,,,,Verified,SHAQILA,,
,1456,5H0010000BS,TIRE PRESSURE,GT12-06,12 LHS,55,12,,,,,,,,,,Verified,SHAQILA,,
,1457,04E010012BK,"STICKER, FUEL",GT12-03,12 LHS,55,164,,,,,,,,,,Verified,SHAQILA,,
,1458,5H0010000,TIRE PRESSURE,GT12-07,12 LHS,55,4,,,,,,,,,,Verified,SHAQILA,,
,1459,04E010012Q,"STICKER, FUEL",GT12-08,12 LHS,55,92,,,,,,,,,,Verified,SHAQILA,,
,1460,5H0010000DK,TIRE PRESSURE,GT12-09,12 LHS,55,1,,,,,,,,,,Verified,SHAQILA,,
,1461,5H2857705J RAA,SEAT BELT,GT2-36,02 RHS,10,2,20,,,,2,,,,,Verified,Nisha,,20 pcs transit area
,1462,9Y2864906A,PROTECTIVE LINING,T14-20,CP8,CP8,15,,,,,15,,,,,Verified,Faisal,,
,1463,4M0290094,TRASPORT COVER,CP8-03,CP8,CP8,21,24,,,,21,24,,,,Verified,Faisal,,
,1464,4M0867385,PROTECTIVE LINING,CP8-04,CP8,CP8,11,,,,,11,,,,,Verified,Faisal,,
,1465,4KE512182,MOUNTING CLIP,WAHA-3,WAHA,WAHA,659,,,,,659,,,,,Verified,Faisal,,
,1466,4M0505415D,STONE GUARD,WAHA-2,WAHA,WAHA,6,6,6,1,,6,6,6,1,,Verified,Faisal,,
,1467,4M0505416C,STONE GUARD,WAHA-4,WAHA,WAHA,6,6,2,,,6,6,2,,,Verified,Faisal,,
,1468,4M0853173A 3FZ,TRIM,WAHA-5,WAHA,WAHA,18,,,,,,,,,,Counted,,,
,1469,4M0899183,PLUG,WAHA-1,WAHA,WAHA,30,,,,,30,,,,,Verified,Faisal,,
,1470,5H0853372A 4PK,SCUFF PLATE,GT13-31,15 RHS,SEQ RACK,5,,,,,,,,,,Counted,,,
,1471,5G0867749,RETAINING STRAP,GT14-36,15 RHS,SEQ RACK,5,,,,,,,,,,Counted,,,
,1472,5H0601171 FOD,COVER,GT15-05,15 RHS,SEQ RACK,24,,,,,,,,,,Counted,,,Box 2 yg betul 
,1473,5N0012615H,COMPRESSOR,GT14-59,15 RHS,SEQ RACK,1,,,,,,,,,,Counted,,,
,1474,8E0012619D,TIRE INFLATION BOTTLE,GT14-60,15 RHS,SEQ RACK,1,,,,,,,,,,Counted,,,
,1475,5G0601705A,BAG,GT14-61,15 RHS,SEQ RACK,1,,,,,,,,,,Counted,,,
,1476,5H6827934G A7C,REAR SPOILER,GT9-53,09 RHS,SEQ RACK,2,,,,,,,,,,Verified,AZWAN,,
,1477,5H6827934G 0K1,REAR SPOILER,GT9-53,09 RHS,SEQ RACK,0,1,1,1,1,,,,,,Counted,,,
,1478,5H6827933G A7C,REAR SPOILER,GT9-53,09 RHS,SEQ RACK,1,3,2,1,1,,,,,,Counted,,,
,1479,5H0807833 9B9,TRIM,GCP8-01,CP8,CP8,58,,,,,58,,,,,Verified,Faisal,,
,1480,5H0807834 9B9,TRIM,GCP8-02,CP8,CP8,55,,,,,55,,,,,Verified,Faisal,,
,1481,5H0807823 9B9,TRIM,GCP8-03,CP8,CP8,57,,,,,57,,,,,Verified,Faisal,,
,1482,5H0807824 9B9,TRIM,GCP8-04,CP8,CP8,57,,,,,57,,,,,Verified,Faisal,,
,1483,N 10009207,HEXAGON HEAD BOLT WITH WASHER,T6-34,06 LHS,28,35,,,,,35,,,,,Verified,MEGAT,,
,1484,06Q103925N,COVER,GT14-50,14 LHS,MISSING,13,,,,,13,,,,,Verified,Nisha,,
,1485,5H0853687F JZQ,"NAMEPLATE,REAR",GT1-46,01 LHS,MISSING,5,,,,,,,,,,Verified,JJ,,
,1486,N 10662201,CABLE TIE,GT2-14,02 LHS,MISSING,1900,,,,,1900,,,,,Verified,Nisha,,
,1487,5H0853493D,ADAPTER,GT10-05,10 RHS,SUMA,2,,,,,,,,,,Verified,,Adib,
,1488,5H0853494D,ADAPTER,GT10-34,10 RHS,SUMA,2,5,4,1,5,,,,,,Counted,,,